날짜,발전기명,주소,설비용량(MW),일일발전량(Wh)
2017-01-01,광양항태양광,전남 광양시 도이동 775,2.3,4365000
2017-01-02,광양항태양광,전남 광양시 도이동 775,2.3,3974400
2017-01-03,광양항태양광,전남 광양시 도이동 775,2.3,4361400
2017-01-04,광양항태양광,전남 광양시 도이동 775,2.3,3960000
2017-01-05,광양항태양광,전남 광양시 도이동 775,2.3,2431800
2017-01-06,광양항태양광,전남 광양시 도이동 775,2.3,4291200
2017-01-07,광양항태양광,전남 광양시 도이동 775,2.3,2331000
2017-01-08,광양항태양광,전남 광양시 도이동 775,2.3,3670200
2017-01-09,광양항태양광,전남 광양시 도이동 775,2.3,3223800
2017-01-10,광양항태양광,전남 광양시 도이동 775,2.3,4973400
2017-01-11,광양항태양광,전남 광양시 도이동 775,2.3,4923000
2017-01-12,광양항태양광,전남 광양시 도이동 775,2.3,3205800
2017-01-13,광양항태양광,전남 광양시 도이동 775,2.3,3267000
2017-01-14,광양항태양광,전남 광양시 도이동 775,2.3,5146200
2017-01-15,광양항태양광,전남 광양시 도이동 775,2.3,5211000
2017-01-16,광양항태양광,전남 광양시 도이동 775,2.3,4998600
2017-01-17,광양항태양광,전남 광양시 도이동 775,2.3,3654000
2017-01-18,광양항태양광,전남 광양시 도이동 775,2.3,3886200
2017-01-19,광양항태양광,전남 광양시 도이동 775,2.3,4001400
2017-01-20,광양항태양광,전남 광양시 도이동 775,2.3,2932200
2017-01-21,광양항태양광,전남 광양시 도이동 775,2.3,4626000
2017-01-22,광양항태양광,전남 광양시 도이동 775,2.3,3677400
2017-01-23,광양항태양광,전남 광양시 도이동 775,2.3,5238000
2017-01-24,광양항태양광,전남 광양시 도이동 775,2.3,5490000
2017-01-25,광양항태양광,전남 광양시 도이동 775,2.3,5324400
2017-01-26,광양항태양광,전남 광양시 도이동 775,2.3,5221800
2017-01-27,광양항태양광,전남 광양시 도이동 775,2.3,4948200
2017-01-28,광양항태양광,전남 광양시 도이동 775,2.3,5434200
2017-01-29,광양항태양광,전남 광양시 도이동 775,2.3,631800
2017-01-30,광양항태양광,전남 광양시 도이동 775,2.3,5760000
2017-01-31,광양항태양광,전남 광양시 도이동 775,2.3,5832000
2017-02-01,광양항태양광,전남 광양시 도이동 775,2.3,5590800
2017-02-02,광양항태양광,전남 광양시 도이동 775,2.3,6204600
2017-02-03,광양항태양광,전남 광양시 도이동 775,2.3,5036400
2017-02-04,광양항태양광,전남 광양시 도이동 775,2.3,3225600
2017-02-05,광양항태양광,전남 광양시 도이동 775,2.3,2592000
2017-02-06,광양항태양광,전남 광양시 도이동 775,2.3,6105600
2017-02-07,광양항태양광,전남 광양시 도이동 775,2.3,4953600
2017-02-08,광양항태양광,전남 광양시 도이동 775,2.3,2923200
2017-02-09,광양항태양광,전남 광양시 도이동 775,2.3,5293800
2017-02-10,광양항태양광,전남 광양시 도이동 775,2.3,6426000
2017-02-11,광양항태양광,전남 광양시 도이동 775,2.3,6145200
2017-02-12,광양항태양광,전남 광양시 도이동 775,2.3,6816600
2017-02-13,광양항태양광,전남 광양시 도이동 775,2.3,5641200
2017-02-14,광양항태양광,전남 광양시 도이동 775,2.3,6570000
2017-02-15,광양항태양광,전남 광양시 도이동 775,2.3,6411600
2017-02-16,광양항태양광,전남 광양시 도이동 775,2.3,5160600
2017-02-17,광양항태양광,전남 광양시 도이동 775,2.3,6152400
2017-02-18,광양항태양광,전남 광양시 도이동 775,2.3,7162200
2017-02-19,광양항태양광,전남 광양시 도이동 775,2.3,6114600
2017-02-20,광양항태양광,전남 광양시 도이동 775,2.3,5706000
2017-02-21,광양항태양광,전남 광양시 도이동 775,2.3,6942600
2017-02-22,광양항태양광,전남 광양시 도이동 775,2.3,289800
2017-02-23,광양항태양광,전남 광양시 도이동 775,2.3,6073200
2017-02-24,광양항태양광,전남 광양시 도이동 775,2.3,7655400
2017-02-25,광양항태양광,전남 광양시 도이동 775,2.3,7390800
2017-02-26,광양항태양광,전남 광양시 도이동 775,2.3,6368400
2017-02-27,광양항태양광,전남 광양시 도이동 775,2.3,6940800
2017-02-28,광양항태양광,전남 광양시 도이동 775,2.3,7268400
2017-03-01,광양항태양광,전남 광양시 도이동 775,2.3,6406200
2017-03-02,광양항태양광,전남 광양시 도이동 775,2.3,5772600
2017-03-03,광양항태양광,전남 광양시 도이동 775,2.3,7768800
2017-03-04,광양항태양광,전남 광양시 도이동 775,2.3,7768800
2017-03-05,광양항태양광,전남 광양시 도이동 775,2.3,5887800
2017-03-06,광양항태양광,전남 광양시 도이동 775,2.3,8254800
2017-03-07,광양항태양광,전남 광양시 도이동 775,2.3,7981200
2017-03-08,광양항태양광,전남 광양시 도이동 775,2.3,6431400
2017-03-09,광양항태양광,전남 광양시 도이동 775,2.3,8053200
2017-03-10,광양항태양광,전남 광양시 도이동 775,2.3,8350200
2017-03-11,광양항태양광,전남 광양시 도이동 775,2.3,7606800
2017-03-12,광양항태양광,전남 광양시 도이동 775,2.3,7414200
2017-03-13,광양항태양광,전남 광양시 도이동 775,2.3,6494400
2017-03-14,광양항태양광,전남 광양시 도이동 775,2.3,8312400
2017-03-15,광양항태양광,전남 광양시 도이동 775,2.3,8292600
2017-03-16,광양항태양광,전남 광양시 도이동 775,2.3,7302600
2017-03-17,광양항태양광,전남 광양시 도이동 775,2.3,8019000
2017-03-18,광양항태양광,전남 광양시 도이동 775,2.3,5144400
2017-03-19,광양항태양광,전남 광양시 도이동 775,2.3,7810200
2017-03-20,광양항태양광,전남 광양시 도이동 775,2.3,1830600
2017-03-21,광양항태양광,전남 광양시 도이동 775,2.3,8829000
2017-03-22,광양항태양광,전남 광양시 도이동 775,2.3,6442200
2017-03-23,광양항태양광,전남 광양시 도이동 775,2.3,4190400
2017-03-24,광양항태양광,전남 광양시 도이동 775,2.3,3051000
2017-03-25,광양항태양광,전남 광양시 도이동 775,2.3,1269000
2017-03-26,광양항태양광,전남 광양시 도이동 775,2.3,4548600
2017-03-27,광양항태양광,전남 광양시 도이동 775,2.3,4548600
2017-03-28,광양항태양광,전남 광양시 도이동 775,2.3,7385400
2017-03-29,광양항태양광,전남 광양시 도이동 775,2.3,1234800
2017-03-30,광양항태양광,전남 광양시 도이동 775,2.3,9219600
2017-03-31,광양항태양광,전남 광양시 도이동 775,2.3,4093200
2017-04-01,광양항태양광,전남 광양시 도이동 775,2.3,6921000
2017-04-02,광양항태양광,전남 광양시 도이동 775,2.3,8164800
2017-04-03,광양항태양광,전남 광양시 도이동 775,2.3,10096200
2017-04-04,광양항태양광,전남 광양시 도이동 775,2.3,8739000
2017-04-05,광양항태양광,전남 광양시 도이동 775,2.3,988200
2017-04-06,광양항태양광,전남 광양시 도이동 775,2.3,622800
2017-04-07,광양항태양광,전남 광양시 도이동 775,2.3,8141400
2017-04-08,광양항태양광,전남 광양시 도이동 775,2.3,8487000
2017-04-09,광양항태양광,전남 광양시 도이동 775,2.3,5468400
2017-04-10,광양항태양광,전남 광양시 도이동 775,2.3,7468200
2017-04-11,광양항태양광,전남 광양시 도이동 775,2.3,6580800
2017-04-12,광양항태양광,전남 광양시 도이동 775,2.3,9945000
2017-04-13,광양항태양광,전남 광양시 도이동 775,2.3,9369000
2017-04-14,광양항태양광,전남 광양시 도이동 775,2.3,7749000
2017-04-15,광양항태양광,전남 광양시 도이동 775,2.3,9676800
2017-04-16,광양항태양광,전남 광양시 도이동 775,2.3,9907200
2017-04-17,광양항태양광,전남 광양시 도이동 775,2.3,496800
2017-04-18,광양항태양광,전남 광양시 도이동 775,2.3,8292600
2017-04-19,광양항태양광,전남 광양시 도이동 775,2.3,10796400
2017-04-20,광양항태양광,전남 광양시 도이동 775,2.3,4536000
2017-04-21,광양항태양광,전남 광양시 도이동 775,2.3,8893800
2017-04-22,광양항태양광,전남 광양시 도이동 775,2.3,7657200
2017-04-23,광양항태양광,전남 광양시 도이동 775,2.3,9180000
2017-04-24,광양항태양광,전남 광양시 도이동 775,2.3,9610200
2017-04-25,광양항태양광,전남 광양시 도이동 775,2.3,6667200
2017-04-26,광양항태양광,전남 광양시 도이동 775,2.3,4899600
2017-04-27,광양항태양광,전남 광양시 도이동 775,2.3,9167400
2017-04-28,광양항태양광,전남 광양시 도이동 775,2.3,9741600
2017-04-29,광양항태양광,전남 광양시 도이동 775,2.3,9441000
2017-04-30,광양항태양광,전남 광양시 도이동 775,2.3,8713800
2017-05-01,광양항태양광,전남 광양시 도이동 775,2.3,8537400
2017-05-02,광양항태양광,전남 광양시 도이동 775,2.3,7864200
2017-05-03,광양항태양광,전남 광양시 도이동 775,2.3,9099000
2017-05-04,광양항태양광,전남 광양시 도이동 775,2.3,8283600
2017-05-05,광양항태양광,전남 광양시 도이동 775,2.3,1402200
2017-05-06,광양항태양광,전남 광양시 도이동 775,2.3,9219600
2017-05-07,광양항태양광,전남 광양시 도이동 775,2.3,9723600
2017-05-08,광양항태양광,전남 광양시 도이동 775,2.3,6445800
2017-05-09,광양항태양광,전남 광양시 도이동 775,2.3,397800
2017-05-10,광양항태양광,전남 광양시 도이동 775,2.3,6665400
2017-05-11,광양항태양광,전남 광양시 도이동 775,2.3,9185400
2017-05-12,광양항태양광,전남 광양시 도이동 775,2.3,1132200
2017-05-13,광양항태양광,전남 광양시 도이동 775,2.3,9406800
2017-05-14,광양항태양광,전남 광양시 도이동 775,2.3,10618200
2017-05-15,광양항태양광,전남 광양시 도이동 775,2.3,8148600
2017-05-16,광양항태양광,전남 광양시 도이동 775,2.3,8791200
2017-05-17,광양항태양광,전남 광양시 도이동 775,2.3,11289600
2017-05-18,광양항태양광,전남 광양시 도이동 775,2.3,11206800
2017-05-19,광양항태양광,전남 광양시 도이동 775,2.3,11496600
2017-05-20,광양항태양광,전남 광양시 도이동 775,2.3,9030600
2017-05-21,광양항태양광,전남 광양시 도이동 775,2.3,8283600
2017-05-22,광양항태양광,전남 광양시 도이동 775,2.3,11385000
2017-05-23,광양항태양광,전남 광양시 도이동 775,2.3,7848000
2017-05-24,광양항태양광,전남 광양시 도이동 775,2.3,7848000
2017-05-25,광양항태양광,전남 광양시 도이동 775,2.3,12772800
2017-05-26,광양항태양광,전남 광양시 도이동 775,2.3,13888800
2017-05-27,광양항태양광,전남 광양시 도이동 775,2.3,13048200
2017-05-28,광양항태양광,전남 광양시 도이동 775,2.3,12002400
2017-05-29,광양항태양광,전남 광양시 도이동 775,2.3,12294000
2017-05-30,광양항태양광,전남 광양시 도이동 775,2.3,10634400
2017-05-31,광양항태양광,전남 광양시 도이동 775,2.3,10314000
2017-06-01,광양항태양광,전남 광양시 도이동 775,2.3,10645200
2017-06-02,광양항태양광,전남 광양시 도이동 775,2.3,11903400
2017-06-03,광양항태양광,전남 광양시 도이동 775,2.3,11739600
2017-06-04,광양항태양광,전남 광양시 도이동 775,2.3,11872800
2017-06-05,광양항태양광,전남 광양시 도이동 775,2.3,10004400
2017-06-06,광양항태양광,전남 광양시 도이동 775,2.3,3418200
2017-06-07,광양항태양광,전남 광양시 도이동 775,2.3,6053400
2017-06-08,광양항태양광,전남 광양시 도이동 775,2.3,12871800
2017-06-09,광양항태양광,전남 광양시 도이동 775,2.3,13120200
2017-06-10,광양항태양광,전남 광양시 도이동 775,2.3,9468000
2017-06-11,광양항태양광,전남 광양시 도이동 775,2.3,7903800
2017-06-12,광양항태양광,전남 광양시 도이동 775,2.3,10189800
2017-06-13,광양항태양광,전남 광양시 도이동 775,2.3,10416600
2017-06-14,광양항태양광,전남 광양시 도이동 775,2.3,12447000
2017-06-15,광양항태양광,전남 광양시 도이동 775,2.3,13131000
2017-06-16,광양항태양광,전남 광양시 도이동 775,2.3,11772000
2017-06-17,광양항태양광,전남 광양시 도이동 775,2.3,12065400
2017-06-18,광양항태양광,전남 광양시 도이동 775,2.3,12461400
2017-06-19,광양항태양광,전남 광양시 도이동 775,2.3,11885400
2017-06-20,광양항태양광,전남 광양시 도이동 775,2.3,2795400
2017-06-21,광양항태양광,전남 광양시 도이동 775,2.3,10553400
2017-06-22,광양항태양광,전남 광양시 도이동 775,2.3,12729600
2017-06-23,광양항태양광,전남 광양시 도이동 775,2.3,10672200
2017-06-24,광양항태양광,전남 광양시 도이동 775,2.3,8695800
2017-06-25,광양항태양광,전남 광양시 도이동 775,2.3,7880400
2017-06-26,광양항태양광,전남 광양시 도이동 775,2.3,2973600
2017-06-27,광양항태양광,전남 광양시 도이동 775,2.3,5376600
2017-06-28,광양항태양광,전남 광양시 도이동 775,2.3,10454400
2017-06-29,광양항태양광,전남 광양시 도이동 775,2.3,2653200
2017-06-30,광양항태양광,전남 광양시 도이동 775,2.3,7369200
2017-07-01,광양항태양광,전남 광양시 도이동 775,2.3,8215200
2017-07-02,광양항태양광,전남 광양시 도이동 775,2.3,5572800
2017-07-03,광양항태양광,전남 광양시 도이동 775,2.3,3299400
2017-07-04,광양항태양광,전남 광양시 도이동 775,2.3,8247600
2017-07-05,광양항태양광,전남 광양시 도이동 775,2.3,7144200
2017-07-06,광양항태양광,전남 광양시 도이동 775,2.3,1335600
2017-07-07,광양항태양광,전남 광양시 도이동 775,2.3,4487400
2017-07-08,광양항태양광,전남 광양시 도이동 775,2.3,2554200
2017-07-09,광양항태양광,전남 광양시 도이동 775,2.3,7349400
2017-07-10,광양항태양광,전남 광양시 도이동 775,2.3,3632400
2017-07-11,광양항태양광,전남 광양시 도이동 775,2.3,5113800
2017-07-12,광양항태양광,전남 광양시 도이동 775,2.3,10994400
2017-07-13,광양항태양광,전남 광양시 도이동 775,2.3,10740600
2017-07-14,광양항태양광,전남 광양시 도이동 775,2.3,6516000
2017-07-15,광양항태양광,전남 광양시 도이동 775,2.3,6064200
2017-07-16,광양항태양광,전남 광양시 도이동 775,2.3,9145800
2017-07-17,광양항태양광,전남 광양시 도이동 775,2.3,6739200
2017-07-18,광양항태양광,전남 광양시 도이동 775,2.3,6894000
2017-07-19,광양항태양광,전남 광양시 도이동 775,2.3,10141200
2017-07-20,광양항태양광,전남 광양시 도이동 775,2.3,9759600
2017-07-21,광양항태양광,전남 광양시 도이동 775,2.3,10107000
2017-07-22,광양항태양광,전남 광양시 도이동 775,2.3,9594000
2017-07-23,광양항태양광,전남 광양시 도이동 775,2.3,6679800
2017-07-24,광양항태양광,전남 광양시 도이동 775,2.3,9757800
2017-07-25,광양항태양광,전남 광양시 도이동 775,2.3,6710400
2017-07-26,광양항태양광,전남 광양시 도이동 775,2.3,9457200
2017-07-27,광양항태양광,전남 광양시 도이동 775,2.3,11412000
2017-07-28,광양항태양광,전남 광양시 도이동 775,2.3,10517400
2017-07-29,광양항태양광,전남 광양시 도이동 775,2.3,3936600
2017-07-30,광양항태양광,전남 광양시 도이동 775,2.3,6634800
2017-07-31,광양항태양광,전남 광양시 도이동 775,2.3,5504400
2017-08-01,광양항태양광,전남 광양시 도이동 775,2.3,8359200
2017-08-02,광양항태양광,전남 광양시 도이동 775,2.3,7023600
2017-08-03,광양항태양광,전남 광양시 도이동 775,2.3,9999000
2017-08-04,광양항태양광,전남 광양시 도이동 775,2.3,9012600
2017-08-05,광양항태양광,전남 광양시 도이동 775,2.3,10499400
2017-08-06,광양항태양광,전남 광양시 도이동 775,2.3,9271800
2017-08-07,광양항태양광,전남 광양시 도이동 775,2.3,10382400
2017-08-08,광양항태양광,전남 광양시 도이동 775,2.3,6427800
2017-08-09,광양항태양광,전남 광양시 도이동 775,2.3,5904000
2017-08-10,광양항태양광,전남 광양시 도이동 775,2.3,9975600
2017-08-11,광양항태양광,전남 광양시 도이동 775,2.3,8994600
2017-08-12,광양항태양광,전남 광양시 도이동 775,2.3,7909200
2017-08-13,광양항태양광,전남 광양시 도이동 775,2.3,3571200
2017-08-14,광양항태양광,전남 광양시 도이동 775,2.3,1708200
2017-08-15,광양항태양광,전남 광양시 도이동 775,2.3,1877400
2017-08-16,광양항태양광,전남 광양시 도이동 775,2.3,9959400
2017-08-17,광양항태양광,전남 광양시 도이동 775,2.3,7725600
2017-08-18,광양항태양광,전남 광양시 도이동 775,2.3,9145800
2017-08-19,광양항태양광,전남 광양시 도이동 775,2.3,5360400
2017-08-20,광양항태양광,전남 광양시 도이동 775,2.3,3758400
2017-08-21,광양항태양광,전남 광양시 도이동 775,2.3,7101000
2017-08-22,광양항태양광,전남 광양시 도이동 775,2.3,5941800
2017-08-23,광양항태양광,전남 광양시 도이동 775,2.3,8715600
2017-08-24,광양항태양광,전남 광양시 도이동 775,2.3,10173600
2017-08-25,광양항태양광,전남 광양시 도이동 775,2.3,8735400
2017-08-26,광양항태양광,전남 광양시 도이동 775,2.3,11314800
2017-08-27,광양항태양광,전남 광양시 도이동 775,2.3,11417400
2017-08-28,광양항태양광,전남 광양시 도이동 775,2.3,8830800
2017-08-29,광양항태양광,전남 광양시 도이동 775,2.3,11050200
2017-08-30,광양항태양광,전남 광양시 도이동 775,2.3,8578800
2017-08-31,광양항태양광,전남 광양시 도이동 775,2.3,10360800
2017-09-01,광양항태양광,전남 광양시 도이동 775,2.3,8067600
2017-09-02,광양항태양광,전남 광양시 도이동 775,2.3,8411400
2017-09-03,광양항태양광,전남 광양시 도이동 775,2.3,11073600
2017-09-04,광양항태양광,전남 광양시 도이동 775,2.3,5245200
2017-09-05,광양항태양광,전남 광양시 도이동 775,2.3,2653200
2017-09-06,광양항태양광,전남 광양시 도이동 775,2.3,1000800
2017-09-07,광양항태양광,전남 광양시 도이동 775,2.3,4788000
2017-09-08,광양항태양광,전남 광양시 도이동 775,2.3,9160200
2017-09-09,광양항태양광,전남 광양시 도이동 775,2.3,8447400
2017-09-10,광양항태양광,전남 광양시 도이동 775,2.3,9527400
2017-09-11,광양항태양광,전남 광양시 도이동 775,2.3,3144600
2017-09-12,광양항태양광,전남 광양시 도이동 775,2.3,10697400
2017-09-13,광양항태양광,전남 광양시 도이동 775,2.3,10819800
2017-09-14,광양항태양광,전남 광양시 도이동 775,2.3,10836000
2017-09-15,광양항태양광,전남 광양시 도이동 775,2.3,6361200
2017-09-16,광양항태양광,전남 광양시 도이동 775,2.3,6213600
2017-09-17,광양항태양광,전남 광양시 도이동 775,2.3,7074000
2017-09-18,광양항태양광,전남 광양시 도이동 775,2.3,10006200
2017-09-19,광양항태양광,전남 광양시 도이동 775,2.3,7291800
2017-09-20,광양항태양광,전남 광양시 도이동 775,2.3,4627800
2017-09-21,광양항태양광,전남 광양시 도이동 775,2.3,8218800
2017-09-22,광양항태양광,전남 광양시 도이동 775,2.3,8692200
2017-09-23,광양항태양광,전남 광양시 도이동 775,2.3,6620400
2017-09-24,광양항태양광,전남 광양시 도이동 775,2.3,8244000
2017-09-25,광양항태양광,전남 광양시 도이동 775,2.3,8361000
2017-09-26,광양항태양광,전남 광양시 도이동 775,2.3,8402400
2017-09-27,광양항태양광,전남 광양시 도이동 775,2.3,2394000
2017-09-28,광양항태양광,전남 광양시 도이동 775,2.3,9090000
2017-09-29,광양항태양광,전남 광양시 도이동 775,2.3,9300600
2017-09-30,광양항태양광,전남 광양시 도이동 775,2.3,12600
2017-10-01,광양항태양광,전남 광양시 도이동 775,2.3,1413000
2017-10-02,광양항태양광,전남 광양시 도이동 775,2.3,0
2017-10-03,광양항태양광,전남 광양시 도이동 775,2.3,0
2017-10-04,광양항태양광,전남 광양시 도이동 775,2.3,0
2017-10-05,광양항태양광,전남 광양시 도이동 775,2.3,2082600
2017-10-06,광양항태양광,전남 광양시 도이동 775,2.3,1605600
2017-10-07,광양항태양광,전남 광양시 도이동 775,2.3,8245800
2017-10-08,광양항태양광,전남 광양시 도이동 775,2.3,8614800
2017-10-09,광양항태양광,전남 광양시 도이동 775,2.3,8440200
2017-10-10,광양항태양광,전남 광양시 도이동 775,2.3,8614800
2017-10-11,광양항태양광,전남 광양시 도이동 775,2.3,4397400
2017-10-12,광양항태양광,전남 광양시 도이동 775,2.3,106200
2017-10-13,광양항태양광,전남 광양시 도이동 775,2.3,8794800
2017-10-14,광양항태양광,전남 광양시 도이동 775,2.3,5691600
2017-10-15,광양항태양광,전남 광양시 도이동 775,2.3,3439800
2017-10-16,광양항태양광,전남 광양시 도이동 775,2.3,3036600
2017-10-17,광양항태양광,전남 광양시 도이동 775,2.3,4221000
2017-10-18,광양항태양광,전남 광양시 도이동 775,2.3,3202200
2017-10-19,광양항태양광,전남 광양시 도이동 775,2.3,5472000
2017-10-20,광양항태양광,전남 광양시 도이동 775,2.3,8026200
2017-10-21,광양항태양광,전남 광양시 도이동 775,2.3,8073000
2017-10-22,광양항태양광,전남 광양시 도이동 775,2.3,7745400
2017-10-23,광양항태양광,전남 광양시 도이동 775,2.3,7371000
2017-10-24,광양항태양광,전남 광양시 도이동 775,2.3,5050800
2017-10-25,광양항태양광,전남 광양시 도이동 775,2.3,7239600
2017-10-26,광양항태양광,전남 광양시 도이동 775,2.3,5896800
2017-10-27,광양항태양광,전남 광양시 도이동 775,2.3,6123600
2017-10-28,광양항태양광,전남 광양시 도이동 775,2.3,4314600
2017-10-29,광양항태양광,전남 광양시 도이동 775,2.3,5976000
2017-10-30,광양항태양광,전남 광양시 도이동 775,2.3,7419600
2017-10-31,광양항태양광,전남 광양시 도이동 775,2.3,7101000
2017-11-01,광양항태양광,전남 광양시 도이동 775,2.3,6944400
2017-11-02,광양항태양광,전남 광양시 도이동 775,2.3,5680800
2017-11-03,광양항태양광,전남 광양시 도이동 775,2.3,6013800
2017-11-04,광양항태양광,전남 광양시 도이동 775,2.3,6571800
2017-11-05,광양항태양광,전남 광양시 도이동 775,2.3,6438600
2017-11-06,광양항태양광,전남 광양시 도이동 775,2.3,6436800
2017-11-07,광양항태양광,전남 광양시 도이동 775,2.3,3036600
2017-11-08,광양항태양광,전남 광양시 도이동 775,2.3,5864400
2017-11-09,광양항태양광,전남 광양시 도이동 775,2.3,6015600
2017-11-10,광양항태양광,전남 광양시 도이동 775,2.3,4899600
2017-11-11,광양항태양광,전남 광양시 도이동 775,2.3,6332400
2017-11-12,광양항태양광,전남 광양시 도이동 775,2.3,5450400
2017-11-13,광양항태양광,전남 광양시 도이동 775,2.3,4084200
2017-11-14,광양항태양광,전남 광양시 도이동 775,2.3,5418000
2017-11-15,광양항태양광,전남 광양시 도이동 775,2.3,5365800
2017-11-16,광양항태양광,전남 광양시 도이동 775,2.3,5716800
2017-11-17,광양항태양광,전남 광양시 도이동 775,2.3,3029400
2017-11-18,광양항태양광,전남 광양시 도이동 775,2.3,5706000
2017-11-19,광양항태양광,전남 광양시 도이동 775,2.3,5796000
2017-11-20,광양항태양광,전남 광양시 도이동 775,2.3,5560200
2017-11-21,광양항태양광,전남 광양시 도이동 775,2.3,5236200
2017-11-22,광양항태양광,전남 광양시 도이동 775,2.3,2714400
2017-11-23,광양항태양광,전남 광양시 도이동 775,2.3,4678200
2017-11-24,광양항태양광,전남 광양시 도이동 775,2.3,4069800
2017-11-25,광양항태양광,전남 광양시 도이동 775,2.3,4298400
2017-11-26,광양항태양광,전남 광양시 도이동 775,2.3,3700800
2017-11-27,광양항태양광,전남 광양시 도이동 775,2.3,3812400
2017-11-28,광양항태양광,전남 광양시 도이동 775,2.3,3078000
2017-11-29,광양항태양광,전남 광양시 도이동 775,2.3,2802600
2017-11-30,광양항태양광,전남 광양시 도이동 775,2.3,4228200
2017-12-01,광양항태양광,전남 광양시 도이동 775,2.3,5155200
2017-12-02,광양항태양광,전남 광양시 도이동 775,2.3,4354200
2017-12-03,광양항태양광,전남 광양시 도이동 775,2.3,4660200
2017-12-04,광양항태양광,전남 광양시 도이동 775,2.3,4077000
2017-12-05,광양항태양광,전남 광양시 도이동 775,2.3,5110200
2017-12-06,광양항태양광,전남 광양시 도이동 775,2.3,4593600
2017-12-07,광양항태양광,전남 광양시 도이동 775,2.3,3630600
2017-12-08,광양항태양광,전남 광양시 도이동 775,2.3,4890600
2017-12-09,광양항태양광,전남 광양시 도이동 775,2.3,3412800
2017-12-10,광양항태양광,전남 광양시 도이동 775,2.3,3117600
2017-12-11,광양항태양광,전남 광양시 도이동 775,2.3,3645000
2017-12-12,광양항태양광,전남 광양시 도이동 775,2.3,5004000
2017-12-13,광양항태양광,전남 광양시 도이동 775,2.3,5252400
2017-12-14,광양항태양광,전남 광양시 도이동 775,2.3,4280400
2017-12-15,광양항태양광,전남 광양시 도이동 775,2.3,4120200
2017-12-16,광양항태양광,전남 광양시 도이동 775,2.3,3684600
2017-12-17,광양항태양광,전남 광양시 도이동 775,2.3,4966200
2017-12-18,광양항태양광,전남 광양시 도이동 775,2.3,4267800
2017-12-19,광양항태양광,전남 광양시 도이동 775,2.3,4032000
2017-12-20,광양항태양광,전남 광양시 도이동 775,2.3,4843800
2017-12-21,광양항태양광,전남 광양시 도이동 775,2.3,4917600
2017-12-22,광양항태양광,전남 광양시 도이동 775,2.3,4638600
2017-12-23,광양항태양광,전남 광양시 도이동 775,2.3,3436200
2017-12-24,광양항태양광,전남 광양시 도이동 775,2.3,1135800
2017-12-25,광양항태양광,전남 광양시 도이동 775,2.3,4827600
2017-12-26,광양항태양광,전남 광양시 도이동 775,2.3,4660200
2017-12-27,광양항태양광,전남 광양시 도이동 775,2.3,5403600
2017-12-28,광양항태양광,전남 광양시 도이동 775,2.3,3277800
2017-12-29,광양항태양광,전남 광양시 도이동 775,2.3,4537800
2017-12-30,광양항태양광,전남 광양시 도이동 775,2.3,2264400
2017-12-31,광양항태양광,전남 광양시 도이동 775,2.3,4804200
2018-01-01,광양항태양광,전남 광양시 도이동 775,2.3,5112000
2018-01-02,광양항태양광,전남 광양시 도이동 775,2.3,4345200
2018-01-03,광양항태양광,전남 광양시 도이동 775,2.3,4966200
2018-01-04,광양항태양광,전남 광양시 도이동 775,2.3,3209400
2018-01-05,광양항태양광,전남 광양시 도이동 775,2.3,4845600
2018-01-06,광양항태양광,전남 광양시 도이동 775,2.3,5232600
2018-01-07,광양항태양광,전남 광양시 도이동 775,2.3,1852200
2018-01-08,광양항태양광,전남 광양시 도이동 775,2.3,1080000
2018-01-09,광양항태양광,전남 광양시 도이동 775,2.3,3943800
2018-01-10,광양항태양광,전남 광양시 도이동 775,2.3,2890800
2018-01-11,광양항태양광,전남 광양시 도이동 775,2.3,5245200
2018-01-12,광양항태양광,전남 광양시 도이동 775,2.3,5711400
2018-01-13,광양항태양광,전남 광양시 도이동 775,2.3,4991400
2018-01-14,광양항태양광,전남 광양시 도이동 775,2.3,4204800
2018-01-15,광양항태양광,전남 광양시 도이동 775,2.3,4512600
2018-01-16,광양항태양광,전남 광양시 도이동 775,2.3,320400
2018-01-17,광양항태양광,전남 광양시 도이동 775,2.3,2181600
2018-01-18,광양항태양광,전남 광양시 도이동 775,2.3,4123800
2018-01-19,광양항태양광,전남 광양시 도이동 775,2.3,4741200
2018-01-20,광양항태양광,전남 광양시 도이동 775,2.3,4642200
2018-01-21,광양항태양광,전남 광양시 도이동 775,2.3,4028400
2018-01-22,광양항태양광,전남 광양시 도이동 775,2.3,3004200
2018-01-23,광양항태양광,전남 광양시 도이동 775,2.3,4782600
2018-01-24,광양항태양광,전남 광양시 도이동 775,2.3,5319000
2018-01-25,광양항태양광,전남 광양시 도이동 775,2.3,5391000
2018-01-26,광양항태양광,전남 광양시 도이동 775,2.3,5572800
2018-01-27,광양항태양광,전남 광양시 도이동 775,2.3,5371200
2018-01-28,광양항태양광,전남 광양시 도이동 775,2.3,4908600
2018-01-29,광양항태양광,전남 광양시 도이동 775,2.3,5302800
2018-01-30,광양항태양광,전남 광양시 도이동 775,2.3,5025600
2018-01-31,광양항태양광,전남 광양시 도이동 775,2.3,3429000
2018-02-01,광양항태양광,전남 광양시 도이동 775,2.3,5342400
2018-02-02,광양항태양광,전남 광양시 도이동 775,2.3,4231800
2018-02-03,광양항태양광,전남 광양시 도이동 775,2.3,5464800
2018-02-04,광양항태양광,전남 광양시 도이동 775,2.3,5751000
2018-02-05,광양항태양광,전남 광양시 도이동 775,2.3,5412600
2018-02-06,광양항태양광,전남 광양시 도이동 775,2.3,5716800
2018-02-07,광양항태양광,전남 광양시 도이동 775,2.3,6013800
2018-02-08,광양항태양광,전남 광양시 도이동 775,2.3,5367600
2018-02-09,광양항태양광,전남 광양시 도이동 775,2.3,4651200
2018-02-10,광양항태양광,전남 광양시 도이동 775,2.3,3684600
2018-02-11,광양항태양광,전남 광양시 도이동 775,2.3,3880800
2018-02-12,광양항태양광,전남 광양시 도이동 775,2.3,4246200
2018-02-13,광양항태양광,전남 광양시 도이동 775,2.3,6352200
2018-02-14,광양항태양광,전남 광양시 도이동 775,2.3,5002200
2018-02-15,광양항태양광,전남 광양시 도이동 775,2.3,4755600
2018-02-16,광양항태양광,전남 광양시 도이동 775,2.3,4062600
2018-02-17,광양항태양광,전남 광양시 도이동 775,2.3,6634800
2018-02-18,광양항태양광,전남 광양시 도이동 775,2.3,4759200
2018-02-19,광양항태양광,전남 광양시 도이동 775,2.3,3564000
2018-02-20,광양항태양광,전남 광양시 도이동 775,2.3,4960800
2018-02-21,광양항태양광,전남 광양시 도이동 775,2.3,3794400
2018-02-22,광양항태양광,전남 광양시 도이동 775,2.3,6046200
2018-02-23,광양항태양광,전남 광양시 도이동 775,2.3,5014800
2018-02-24,광양항태양광,전남 광양시 도이동 775,2.3,6109200
2018-02-25,광양항태양광,전남 광양시 도이동 775,2.3,4725000
2018-02-26,광양항태양광,전남 광양시 도이동 775,2.3,6957000
2018-02-27,광양항태양광,전남 광양시 도이동 775,2.3,6150600
2018-02-28,광양항태양광,전남 광양시 도이동 775,2.3,500400
2018-03-01,광양항태양광,전남 광양시 도이동 775,2.3,7383600
2018-03-02,광양항태양광,전남 광양시 도이동 775,2.3,7675200
2018-03-03,광양항태양광,전남 광양시 도이동 775,2.3,5977800
2018-03-04,광양항태양광,전남 광양시 도이동 775,2.3,1054800
2018-03-05,광양항태양광,전남 광양시 도이동 775,2.3,1267200
2018-03-06,광양항태양광,전남 광양시 도이동 775,2.3,8307000
2018-03-07,광양항태양광,전남 광양시 도이동 775,2.3,3002400
2018-03-08,광양항태양광,전남 광양시 도이동 775,2.3,3155400
2018-03-09,광양항태양광,전남 광양시 도이동 775,2.3,6082200
2018-03-10,광양항태양광,전남 광양시 도이동 775,2.3,8343000
2018-03-11,광양항태양광,전남 광양시 도이동 775,2.3,8049600
2018-03-12,광양항태양광,전남 광양시 도이동 775,2.3,7741800
2018-03-13,광양항태양광,전남 광양시 도이동 775,2.3,7758000
2018-03-14,광양항태양광,전남 광양시 도이동 775,2.3,8037000
2018-03-15,광양항태양광,전남 광양시 도이동 775,2.3,439200
2018-03-16,광양항태양광,전남 광양시 도이동 775,2.3,2448000
2018-03-17,광양항태양광,전남 광양시 도이동 775,2.3,8886600
2018-03-18,광양항태양광,전남 광양시 도이동 775,2.3,3258000
2018-03-19,광양항태양광,전남 광양시 도이동 775,2.3,1218600
2018-03-20,광양항태양광,전남 광양시 도이동 775,2.3,4545000
2018-03-21,광양항태양광,전남 광양시 도이동 775,2.3,2523600
2018-03-22,광양항태양광,전남 광양시 도이동 775,2.3,9372600
2018-03-23,광양항태양광,전남 광양시 도이동 775,2.3,9214200
2018-03-24,광양항태양광,전남 광양시 도이동 775,2.3,8179200
2018-03-25,광양항태양광,전남 광양시 도이동 775,2.3,8902800
2018-03-26,광양항태양광,전남 광양시 도이동 775,2.3,8897400
2018-03-27,광양항태양광,전남 광양시 도이동 775,2.3,8897400
2018-03-28,광양항태양광,전남 광양시 도이동 775,2.3,9244800
2018-03-29,광양항태양광,전남 광양시 도이동 775,2.3,7826400
2018-03-30,광양항태양광,전남 광양시 도이동 775,2.3,8094600
2018-03-31,광양항태양광,전남 광양시 도이동 775,2.3,8337600
2018-04-01,광양항태양광,전남 광양시 도이동 775,2.3,5666400
2018-04-02,광양항태양광,전남 광양시 도이동 775,2.3,8591400
2018-04-03,광양항태양광,전남 광양시 도이동 775,2.3,8422200
2018-04-04,광양항태양광,전남 광양시 도이동 775,2.3,1645200
2018-04-05,광양항태양광,전남 광양시 도이동 775,2.3,1227600
2018-04-06,광양항태양광,전남 광양시 도이동 775,2.3,8118000
2018-04-07,광양항태양광,전남 광양시 도이동 775,2.3,8325000
2018-04-08,광양항태양광,전남 광양시 도이동 775,2.3,9192600
2018-04-09,광양항태양광,전남 광양시 도이동 775,2.3,9999000
2018-04-10,광양항태양광,전남 광양시 도이동 775,2.3,8002800
2018-04-11,광양항태양광,전남 광양시 도이동 775,2.3,9379800
2018-04-12,광양항태양광,전남 광양시 도이동 775,2.3,6354000
2018-04-13,광양항태양광,전남 광양시 도이동 775,2.3,4827600
2018-04-14,광양항태양광,전남 광양시 도이동 775,2.3,1378800
2018-04-15,광양항태양광,전남 광양시 도이동 775,2.3,10018800
2018-04-16,광양항태양광,전남 광양시 도이동 775,2.3,8564400
2018-04-17,광양항태양광,전남 광양시 도이동 775,2.3,9732600
2018-04-18,광양항태양광,전남 광양시 도이동 775,2.3,10499400
2018-04-19,광양항태양광,전남 광양시 도이동 775,2.3,10647000
2018-04-20,광양항태양광,전남 광양시 도이동 775,2.3,9783000
2018-04-21,광양항태양광,전남 광양시 도이동 775,2.3,10177200
2018-04-22,광양항태양광,전남 광양시 도이동 775,2.3,2210400
2018-04-23,광양항태양광,전남 광양시 도이동 775,2.3,675000
2018-04-24,광양항태양광,전남 광양시 도이동 775,2.3,3591000
2018-04-25,광양항태양광,전남 광양시 도이동 775,2.3,11190600
2018-04-26,광양항태양광,전남 광양시 도이동 775,2.3,9516600
2018-04-27,광양항태양광,전남 광양시 도이동 775,2.3,9858600
2018-04-28,광양항태양광,전남 광양시 도이동 775,2.3,10445400
2018-04-29,광양항태양광,전남 광양시 도이동 775,2.3,10387800
2018-04-30,광양항태양광,전남 광양시 도이동 775,2.3,4530600
2018-05-01,광양항태양광,전남 광양시 도이동 775,2.3,1314000
2018-05-02,광양항태양광,전남 광양시 도이동 775,2.3,2860200
2018-05-03,광양항태양광,전남 광양시 도이동 775,2.3,8818200
2018-05-04,광양항태양광,전남 광양시 도이동 775,2.3,11444400
2018-05-05,광양항태양광,전남 광양시 도이동 775,2.3,9849600
2018-05-06,광양항태양광,전남 광양시 도이동 775,2.3,0
2018-05-07,광양항태양광,전남 광양시 도이동 775,2.3,0
2018-05-08,광양항태양광,전남 광양시 도이동 775,2.3,0
2018-05-09,광양항태양광,전남 광양시 도이동 775,2.3,3241800
2018-05-10,광양항태양광,전남 광양시 도이동 775,2.3,11266200
2018-05-11,광양항태양광,전남 광양시 도이동 775,2.3,10422000
2018-05-12,광양항태양광,전남 광양시 도이동 775,2.3,2124000
2018-05-13,광양항태양광,전남 광양시 도이동 775,2.3,9057600
2018-05-14,광양항태양광,전남 광양시 도이동 775,2.3,10868400
2018-05-15,광양항태양광,전남 광양시 도이동 775,2.3,9045000
2018-05-16,광양항태양광,전남 광양시 도이동 775,2.3,694800
2018-05-17,광양항태양광,전남 광양시 도이동 775,2.3,2896200
2018-05-18,광양항태양광,전남 광양시 도이동 775,2.3,6154200
2018-05-19,광양항태양광,전남 광양시 도이동 775,2.3,9057600
2018-05-20,광양항태양광,전남 광양시 도이동 775,2.3,9444600
2018-05-21,광양항태양광,전남 광양시 도이동 775,2.3,9448200
2018-05-22,광양항태양광,전남 광양시 도이동 775,2.3,10015200
2018-05-23,광양항태양광,전남 광양시 도이동 775,2.3,11034000
2018-05-24,광양항태양광,전남 광양시 도이동 775,2.3,11858400
2018-05-25,광양항태양광,전남 광양시 도이동 775,2.3,9856800
2018-05-26,광양항태양광,전남 광양시 도이동 775,2.3,11745000
2018-05-27,광양항태양광,전남 광양시 도이동 775,2.3,7565400
2018-05-28,광양항태양광,전남 광양시 도이동 775,2.3,2264400
2018-05-29,광양항태양광,전남 광양시 도이동 775,2.3,8888400
2018-05-30,광양항태양광,전남 광양시 도이동 775,2.3,8303400
2018-05-31,광양항태양광,전남 광양시 도이동 775,2.3,8622000
2018-06-01,광양항태양광,전남 광양시 도이동 775,2.3,11593800
2018-06-02,광양항태양광,전남 광양시 도이동 775,2.3,11415600
2018-06-03,광양항태양광,전남 광양시 도이동 775,2.3,9945000
2018-06-04,광양항태양광,전남 광양시 도이동 775,2.3,10051200
2018-06-05,광양항태양광,전남 광양시 도이동 775,2.3,4725000
2018-06-06,광양항태양광,전남 광양시 도이동 775,2.3,10634400
2018-06-07,광양항태양광,전남 광양시 도이동 775,2.3,11113200
2018-06-08,광양항태양광,전남 광양시 도이동 775,2.3,9631800
2018-06-09,광양항태양광,전남 광양시 도이동 775,2.3,10351800
2018-06-10,광양항태양광,전남 광양시 도이동 775,2.3,3859200
2018-06-11,광양항태양광,전남 광양시 도이동 775,2.3,3621600
2018-06-12,광양항태양광,전남 광양시 도이동 775,2.3,6528600
2018-06-13,광양항태양광,전남 광양시 도이동 775,2.3,7173000
2018-06-14,광양항태양광,전남 광양시 도이동 775,2.3,10450800
2018-06-15,광양항태양광,전남 광양시 도이동 775,2.3,12281400
2018-06-16,광양항태양광,전남 광양시 도이동 775,2.3,12126600
2018-06-17,광양항태양광,전남 광양시 도이동 775,2.3,8632800
2018-06-18,광양항태양광,전남 광양시 도이동 775,2.3,9784800
2018-06-19,광양항태양광,전남 광양시 도이동 775,2.3,4444200
2018-06-20,광양항태양광,전남 광양시 도이동 775,2.3,10357200
2018-06-21,광양항태양광,전남 광양시 도이동 775,2.3,11664000
2018-06-22,광양항태양광,전남 광양시 도이동 775,2.3,9603000
2018-06-23,광양항태양광,전남 광양시 도이동 775,2.3,10011600
2018-06-24,광양항태양광,전남 광양시 도이동 775,2.3,11395800
2018-06-25,광양항태양광,전남 광양시 도이동 775,2.3,9669600
2018-06-26,광양항태양광,전남 광양시 도이동 775,2.3,2246400
2018-06-27,광양항태양광,전남 광양시 도이동 775,2.3,2552400
2018-06-28,광양항태양광,전남 광양시 도이동 775,2.3,1555200
2018-06-29,광양항태양광,전남 광양시 도이동 775,2.3,6796800
2018-06-30,광양항태양광,전남 광양시 도이동 775,2.3,759600
2018-07-01,광양항태양광,전남 광양시 도이동 775,2.3,3801600
2018-07-02,광양항태양광,전남 광양시 도이동 775,2.3,3580200
2018-07-03,광양항태양광,전남 광양시 도이동 775,2.3,2028600
2018-07-04,광양항태양광,전남 광양시 도이동 775,2.3,9563400
2018-07-05,광양항태양광,전남 광양시 도이동 775,2.3,2422800
2018-07-06,광양항태양광,전남 광양시 도이동 775,2.3,2341800
2018-07-07,광양항태양광,전남 광양시 도이동 775,2.3,11469600
2018-07-08,광양항태양광,전남 광양시 도이동 775,2.3,7158600
2018-07-09,광양항태양광,전남 광양시 도이동 775,2.3,1657800
2018-07-10,광양항태양광,전남 광양시 도이동 775,2.3,6876000
2018-07-11,광양항태양광,전남 광양시 도이동 775,2.3,9509400
2018-07-12,광양항태양광,전남 광양시 도이동 775,2.3,9921600
2018-07-13,광양항태양광,전남 광양시 도이동 775,2.3,11815200
2018-07-14,광양항태양광,전남 광양시 도이동 775,2.3,11743200
2018-07-15,광양항태양광,전남 광양시 도이동 775,2.3,11547000
2018-07-16,광양항태양광,전남 광양시 도이동 775,2.3,11219400
2018-07-17,광양항태양광,전남 광양시 도이동 775,2.3,11280600
2018-07-18,광양항태양광,전남 광양시 도이동 775,2.3,11037600
2018-07-19,광양항태양광,전남 광양시 도이동 775,2.3,10701000
2018-07-20,광양항태양광,전남 광양시 도이동 775,2.3,10112400
2018-07-21,광양항태양광,전남 광양시 도이동 775,2.3,10245600
2018-07-22,광양항태양광,전남 광양시 도이동 775,2.3,7187400
2018-07-23,광양항태양광,전남 광양시 도이동 775,2.3,10197000
2018-07-24,광양항태양광,전남 광양시 도이동 775,2.3,11176200
2018-07-25,광양항태양광,전남 광양시 도이동 775,2.3,10857600
2018-07-26,광양항태양광,전남 광양시 도이동 775,2.3,10589400
2018-07-27,광양항태양광,전남 광양시 도이동 775,2.3,8899200
2018-07-28,광양항태양광,전남 광양시 도이동 775,2.3,5968800
2018-07-29,광양항태양광,전남 광양시 도이동 775,2.3,9723600
2018-07-30,광양항태양광,전남 광양시 도이동 775,2.3,6895800
2018-07-31,광양항태양광,전남 광양시 도이동 775,2.3,8514000
2018-08-01,광양항태양광,전남 광양시 도이동 775,2.3,10468800
2018-08-02,광양항태양광,전남 광양시 도이동 775,2.3,10774800
2018-08-03,광양항태양광,전남 광양시 도이동 775,2.3,9901800
2018-08-04,광양항태양광,전남 광양시 도이동 775,2.3,9936000
2018-08-05,광양항태양광,전남 광양시 도이동 775,2.3,9761400
2018-08-06,광양항태양광,전남 광양시 도이동 775,2.3,8125200
2018-08-07,광양항태양광,전남 광양시 도이동 775,2.3,7477200
2018-08-08,광양항태양광,전남 광양시 도이동 775,2.3,7957800
2018-08-09,광양항태양광,전남 광양시 도이동 775,2.3,9325800
2018-08-10,광양항태양광,전남 광양시 도이동 775,2.3,6091200
2018-08-11,광양항태양광,전남 광양시 도이동 775,2.3,4793400
2018-08-12,광양항태양광,전남 광양시 도이동 775,2.3,6703200
2018-08-13,광양항태양광,전남 광양시 도이동 775,2.3,9482400
2018-08-14,광양항태양광,전남 광양시 도이동 775,2.3,9916200
2018-08-15,광양항태양광,전남 광양시 도이동 775,2.3,8533800
2018-08-16,광양항태양광,전남 광양시 도이동 775,2.3,4455000
2018-08-17,광양항태양광,전남 광양시 도이동 775,2.3,9023400
2018-08-18,광양항태양광,전남 광양시 도이동 775,2.3,9615600
2018-08-19,광양항태양광,전남 광양시 도이동 775,2.3,10369800
2018-08-20,광양항태양광,전남 광양시 도이동 775,2.3,4500000
2018-08-21,광양항태양광,전남 광양시 도이동 775,2.3,10519200
2018-08-22,광양항태양광,전남 광양시 도이동 775,2.3,7644600
2018-08-23,광양항태양광,전남 광양시 도이동 775,2.3,2887200
2018-08-24,광양항태양광,전남 광양시 도이동 775,2.3,4595400
2018-08-25,광양항태양광,전남 광양시 도이동 775,2.3,4590000
2018-08-26,광양항태양광,전남 광양시 도이동 775,2.3,5043600
2018-08-27,광양항태양광,전남 광양시 도이동 775,2.3,2917800
2018-08-28,광양항태양광,전남 광양시 도이동 775,2.3,8557200
2018-08-29,광양항태양광,전남 광양시 도이동 775,2.3,7482600
2018-08-30,광양항태양광,전남 광양시 도이동 775,2.3,6481800
2018-08-31,광양항태양광,전남 광양시 도이동 775,2.3,1785600
2018-09-01,광양항태양광,전남 광양시 도이동 775,2.3,2656800
2018-09-02,광양항태양광,전남 광양시 도이동 775,2.3,3924000
2018-09-03,광양항태양광,전남 광양시 도이동 775,2.3,1153800
2018-09-04,광양항태양광,전남 광양시 도이동 775,2.3,9135000
2018-09-05,광양항태양광,전남 광양시 도이동 775,2.3,7520400
2018-09-06,광양항태양광,전남 광양시 도이동 775,2.3,3151800
2018-09-07,광양항태양광,전남 광양시 도이동 775,2.3,3713400
2018-09-08,광양항태양광,전남 광양시 도이동 775,2.3,3497400
2018-09-09,광양항태양광,전남 광양시 도이동 775,2.3,8659800
2018-09-10,광양항태양광,전남 광양시 도이동 775,2.3,8760600
2018-09-11,광양항태양광,전남 광양시 도이동 775,2.3,6184800
2018-09-12,광양항태양광,전남 광양시 도이동 775,2.3,7862400
2018-09-13,광양항태양광,전남 광양시 도이동 775,2.3,2151000
2018-09-14,광양항태양광,전남 광양시 도이동 775,2.3,3420000
2018-09-15,광양항태양광,전남 광양시 도이동 775,2.3,1251000
2018-09-16,광양항태양광,전남 광양시 도이동 775,2.3,7090200
2018-09-17,광양항태양광,전남 광양시 도이동 775,2.3,5187600
2018-09-18,광양항태양광,전남 광양시 도이동 775,2.3,7884000
2018-09-19,광양항태양광,전남 광양시 도이동 775,2.3,3405600
2018-09-20,광양항태양광,전남 광양시 도이동 775,2.3,2442600
2018-09-21,광양항태양광,전남 광양시 도이동 775,2.3,1171800
2018-09-22,광양항태양광,전남 광양시 도이동 775,2.3,8233200
2018-09-23,광양항태양광,전남 광양시 도이동 775,2.3,7259400
2018-09-24,광양항태양광,전남 광양시 도이동 775,2.3,4449600
2018-09-25,광양항태양광,전남 광양시 도이동 775,2.3,9016200
2018-09-26,광양항태양광,전남 광양시 도이동 775,2.3,6595200
2018-09-27,광양항태양광,전남 광양시 도이동 775,2.3,8830800
2018-09-28,광양항태양광,전남 광양시 도이동 775,2.3,6418800
2018-09-29,광양항태양광,전남 광양시 도이동 775,2.3,2745000
2018-09-30,광양항태양광,전남 광양시 도이동 775,2.3,7995600
2018-10-01,광양항태양광,전남 광양시 도이동 775,2.3,7084800
2018-10-02,광양항태양광,전남 광양시 도이동 775,2.3,8337600
2018-10-03,광양항태양광,전남 광양시 도이동 775,2.3,8168400
2018-10-04,광양항태양광,전남 광양시 도이동 775,2.3,6078600
2018-10-05,광양항태양광,전남 광양시 도이동 775,2.3,1258200
2018-10-06,광양항태양광,전남 광양시 도이동 775,2.3,4242600
2018-10-07,광양항태양광,전남 광양시 도이동 775,2.3,8080200
2018-10-08,광양항태양광,전남 광양시 도이동 775,2.3,8195400
2018-10-09,광양항태양광,전남 광양시 도이동 775,2.3,3189600
2018-10-10,광양항태양광,전남 광양시 도이동 775,2.3,5479200
2018-10-11,광양항태양광,전남 광양시 도이동 775,2.3,7983000
2018-10-12,광양항태양광,전남 광양시 도이동 775,2.3,7565400
2018-10-13,광양항태양광,전남 광양시 도이동 775,2.3,7561800
2018-10-14,광양항태양광,전남 광양시 도이동 775,2.3,6519600
2018-10-15,광양항태양광,전남 광양시 도이동 775,2.3,6791400
2018-10-16,광양항태양광,전남 광양시 도이동 775,2.3,2736000
2018-10-17,광양항태양광,전남 광양시 도이동 775,2.3,6593400
2018-10-18,광양항태양광,전남 광양시 도이동 775,2.3,7039800
2018-10-19,광양항태양광,전남 광양시 도이동 775,2.3,7122600
2018-10-20,광양항태양광,전남 광양시 도이동 775,2.3,6816600
2018-10-21,광양항태양광,전남 광양시 도이동 775,2.3,6850800
2018-10-22,광양항태양광,전남 광양시 도이동 775,2.3,4431600
2018-10-23,광양항태양광,전남 광양시 도이동 775,2.3,4626000
2018-10-24,광양항태양광,전남 광양시 도이동 775,2.3,6375600
2018-10-25,광양항태양광,전남 광양시 도이동 775,2.3,6395400
2018-10-26,광양항태양광,전남 광양시 도이동 775,2.3,925200
2018-10-27,광양항태양광,전남 광양시 도이동 775,2.3,4636800
2018-10-28,광양항태양광,전남 광양시 도이동 775,2.3,6161400
2018-10-29,광양항태양광,전남 광양시 도이동 775,2.3,5443200
2018-10-30,광양항태양광,전남 광양시 도이동 775,2.3,6719400
2018-10-31,광양항태양광,전남 광양시 도이동 775,2.3,6044400
2018-11-01,광양항태양광,전남 광양시 도이동 775,2.3,6397200
2018-11-02,광양항태양광,전남 광양시 도이동 775,2.3,6145200
2018-11-03,광양항태양광,전남 광양시 도이동 775,2.3,5659200
2018-11-04,광양항태양광,전남 광양시 도이동 775,2.3,5855400
2018-11-05,광양항태양광,전남 광양시 도이동 775,2.3,5549400
2018-11-06,광양항태양광,전남 광양시 도이동 775,2.3,4960800
2018-11-07,광양항태양광,전남 광양시 도이동 775,2.3,2010600
2018-11-08,광양항태양광,전남 광양시 도이동 775,2.3,104400
2018-11-09,광양항태양광,전남 광양시 도이동 775,2.3,3727800
2018-11-10,광양항태양광,전남 광양시 도이동 775,2.3,5704200
2018-11-11,광양항태양광,전남 광양시 도이동 775,2.3,3438000
2018-11-12,광양항태양광,전남 광양시 도이동 775,2.3,4933800
2018-11-13,광양항태양광,전남 광양시 도이동 775,2.3,5333400
2018-11-14,광양항태양광,전남 광양시 도이동 775,2.3,5603400
2018-11-15,광양항태양광,전남 광양시 도이동 775,2.3,4834800
2018-11-16,광양항태양광,전남 광양시 도이동 775,2.3,1465200
2018-11-17,광양항태양광,전남 광양시 도이동 775,2.3,5367600
2018-11-18,광양항태양광,전남 광양시 도이동 775,2.3,1409400
2018-11-19,광양항태양광,전남 광양시 도이동 775,2.3,4818600
2018-11-20,광양항태양광,전남 광양시 도이동 775,2.3,5238000
2018-11-21,광양항태양광,전남 광양시 도이동 775,2.3,1792800
2018-11-22,광양항태양광,전남 광양시 도이동 775,2.3,5248800
2018-11-23,광양항태양광,전남 광양시 도이동 775,2.3,4728600
2018-11-24,광양항태양광,전남 광양시 도이동 775,2.3,1564200
2018-11-25,광양항태양광,전남 광양시 도이동 775,2.3,4518000
2018-11-26,광양항태양광,전남 광양시 도이동 775,2.3,4586400
2018-11-27,광양항태양광,전남 광양시 도이동 775,2.3,4933800
2018-11-28,광양항태양광,전남 광양시 도이동 775,2.3,4199400
2018-11-29,광양항태양광,전남 광양시 도이동 775,2.3,4296600
2018-11-30,광양항태양광,전남 광양시 도이동 775,2.3,4269600
2018-12-01,광양항태양광,전남 광양시 도이동 775,2.3,2833200
2018-12-02,광양항태양광,전남 광양시 도이동 775,2.3,4028400
2018-12-03,광양항태양광,전남 광양시 도이동 775,2.3,905400
2018-12-04,광양항태양광,전남 광양시 도이동 775,2.3,1963800
2018-12-05,광양항태양광,전남 광양시 도이동 775,2.3,4746600
2018-12-06,광양항태양광,전남 광양시 도이동 775,2.3,1949400
2018-12-07,광양항태양광,전남 광양시 도이동 775,2.3,2966400
2018-12-08,광양항태양광,전남 광양시 도이동 775,2.3,4336200
2018-12-09,광양항태양광,전남 광양시 도이동 775,2.3,4748400
2018-12-10,광양항태양광,전남 광양시 도이동 775,2.3,4762800
2018-12-11,광양항태양광,전남 광양시 도이동 775,2.3,1112400
2018-12-12,광양항태양광,전남 광양시 도이동 775,2.3,4707000
2018-12-13,광양항태양광,전남 광양시 도이동 775,2.3,4429800
2018-12-14,광양항태양광,전남 광양시 도이동 775,2.3,4743000
2018-12-15,광양항태양광,전남 광양시 도이동 775,2.3,4516200
2018-12-16,광양항태양광,전남 광양시 도이동 775,2.3,1191600
2018-12-17,광양항태양광,전남 광양시 도이동 775,2.3,2989800
2018-12-18,광양항태양광,전남 광양시 도이동 775,2.3,4527000
2018-12-19,광양항태양광,전남 광양시 도이동 775,2.3,3448800
2018-12-20,광양항태양광,전남 광양시 도이동 775,2.3,1215000
2018-12-21,광양항태양광,전남 광양시 도이동 775,2.3,2655000
2018-12-22,광양항태양광,전남 광양시 도이동 775,2.3,3657600
2018-12-23,광양항태양광,전남 광양시 도이동 775,2.3,4273200
2018-12-24,광양항태양광,전남 광양시 도이동 775,2.3,4829400
2018-12-25,광양항태양광,전남 광양시 도이동 775,2.3,2921400
2018-12-26,광양항태양광,전남 광양시 도이동 775,2.3,3841200
2018-12-27,광양항태양광,전남 광양시 도이동 775,2.3,4854600
2018-12-28,광양항태양광,전남 광양시 도이동 775,2.3,4827600
2018-12-29,광양항태양광,전남 광양시 도이동 775,2.3,4798800
2018-12-30,광양항태양광,전남 광양시 도이동 775,2.3,4771800
2018-12-31,광양항태양광,전남 광양시 도이동 775,2.3,4663800
2019-01-01,광양항태양광,전남 광양시 도이동 775,2.3,3677400
2019-01-02,광양항태양광,전남 광양시 도이동 775,2.3,4678200
2019-01-03,광양항태양광,전남 광양시 도이동 775,2.3,4667400
2019-01-04,광양항태양광,전남 광양시 도이동 775,2.3,2048400
2019-01-05,광양항태양광,전남 광양시 도이동 775,2.3,3808800
2019-01-06,광양항태양광,전남 광양시 도이동 775,2.3,4473000
2019-01-07,광양항태양광,전남 광양시 도이동 775,2.3,4231800
2019-01-08,광양항태양광,전남 광양시 도이동 775,2.3,4302000
2019-01-09,광양항태양광,전남 광양시 도이동 775,2.3,3295800
2019-01-10,광양항태양광,전남 광양시 도이동 775,2.3,4165200
2019-01-11,광양항태양광,전남 광양시 도이동 775,2.3,4075200
2019-01-12,광양항태양광,전남 광양시 도이동 775,2.3,2363400
2019-01-13,광양항태양광,전남 광양시 도이동 775,2.3,4627800
2019-01-14,광양항태양광,전남 광양시 도이동 775,2.3,4480200
2019-01-15,광양항태양광,전남 광양시 도이동 775,2.3,3864600
2019-01-16,광양항태양광,전남 광양시 도이동 775,2.3,5142600
2019-01-17,광양항태양광,전남 광양시 도이동 775,2.3,4910400
2019-01-18,광양항태양광,전남 광양시 도이동 775,2.3,4815000
2019-01-19,광양항태양광,전남 광양시 도이동 775,2.3,3025800
2019-01-20,광양항태양광,전남 광양시 도이동 775,2.3,5009400
2019-01-21,광양항태양광,전남 광양시 도이동 775,2.3,5301000
2019-01-22,광양항태양광,전남 광양시 도이동 775,2.3,4932000
2019-01-23,광양항태양광,전남 광양시 도이동 775,2.3,4604400
2019-01-24,광양항태양광,전남 광양시 도이동 775,2.3,5036400
2019-01-25,광양항태양광,전남 광양시 도이동 775,2.3,3430800
2019-01-26,광양항태양광,전남 광양시 도이동 775,2.3,5446800
2019-01-27,광양항태양광,전남 광양시 도이동 775,2.3,5477400
2019-01-28,광양항태양광,전남 광양시 도이동 775,2.3,3936600
2019-01-29,광양항태양광,전남 광양시 도이동 775,2.3,5347800
2019-01-30,광양항태양광,전남 광양시 도이동 775,2.3,3855600
2019-01-31,광양항태양광,전남 광양시 도이동 775,2.3,1197000
2019-02-01,광양항태양광,전남 광양시 도이동 775,2.3,6138000
2019-02-02,광양항태양광,전남 광양시 도이동 775,2.3,5628600
2019-02-03,광양항태양광,전남 광양시 도이동 775,2.3,235800
2019-02-04,광양항태양광,전남 광양시 도이동 775,2.3,6039000
2019-02-05,광양항태양광,전남 광양시 도이동 775,2.3,5979600
2019-02-06,광양항태양광,전남 광양시 도이동 775,2.3,5517000
2019-02-07,광양항태양광,전남 광양시 도이동 775,2.3,2934000
2019-02-08,광양항태양광,전남 광양시 도이동 775,2.3,5596200
2019-02-09,광양항태양광,전남 광양시 도이동 775,2.3,5214600
2019-02-10,광양항태양광,전남 광양시 도이동 775,2.3,4590000
2019-02-11,광양항태양광,전남 광양시 도이동 775,2.3,6397200
2019-02-12,광양항태양광,전남 광양시 도이동 775,2.3,6055200
2019-02-13,광양항태양광,전남 광양시 도이동 775,2.3,5954400
2019-02-14,광양항태양광,전남 광양시 도이동 775,2.3,5317200
2019-02-15,광양항태양광,전남 광양시 도이동 775,2.3,2970000
2019-02-16,광양항태양광,전남 광양시 도이동 775,2.3,6111000
2019-02-17,광양항태양광,전남 광양시 도이동 775,2.3,6906600
2019-02-18,광양항태양광,전남 광양시 도이동 775,2.3,2611800
2019-02-19,광양항태양광,전남 광양시 도이동 775,2.3,1486800
2019-02-20,광양항태양광,전남 광양시 도이동 775,2.3,7025400
2019-02-21,광양항태양광,전남 광양시 도이동 775,2.3,6825600
2019-02-22,광양항태양광,전남 광양시 도이동 775,2.3,4170600
2019-02-23,광양항태양광,전남 광양시 도이동 775,2.3,6688800
2019-02-24,광양항태양광,전남 광양시 도이동 775,2.3,6904800
2019-02-25,광양항태양광,전남 광양시 도이동 775,2.3,6915600
2019-02-26,광양항태양광,전남 광양시 도이동 775,2.3,6634800
2019-02-27,광양항태양광,전남 광양시 도이동 775,2.3,3200400
2019-02-28,광양항태양광,전남 광양시 도이동 775,2.3,6150600
2019-03-01,광양항태양광,전남 광양시 도이동 775,2.3,6946200
2019-03-02,광양항태양광,전남 광양시 도이동 775,2.3,5038200
2019-03-03,광양항태양광,전남 광양시 도이동 775,2.3,4134600
2019-03-04,광양항태양광,전남 광양시 도이동 775,2.3,6147000
2019-03-05,광양항태양광,전남 광양시 도이동 775,2.3,4266000
2019-03-06,광양항태양광,전남 광양시 도이동 775,2.3,4807800
2019-03-07,광양항태양광,전남 광양시 도이동 775,2.3,7009200
2019-03-08,광양항태양광,전남 광양시 도이동 775,2.3,7979400
2019-03-09,광양항태양광,전남 광양시 도이동 775,2.3,6161400
2019-03-10,광양항태양광,전남 광양시 도이동 775,2.3,1882800
2019-03-11,광양항태양광,전남 광양시 도이동 775,2.3,5997600
2019-03-12,광양항태양광,전남 광양시 도이동 775,2.3,6863400
2019-03-13,광양항태양광,전남 광양시 도이동 775,2.3,8343000
2019-03-14,광양항태양광,전남 광양시 도이동 775,2.3,8341200
2019-03-15,광양항태양광,전남 광양시 도이동 775,2.3,4993200
2019-03-16,광양항태양광,전남 광양시 도이동 775,2.3,8274600
2019-03-17,광양항태양광,전남 광양시 도이동 775,2.3,8830800
2019-03-18,광양항태양광,전남 광양시 도이동 775,2.3,5731200
2019-03-19,광양항태양광,전남 광양시 도이동 775,2.3,7772400
2019-03-20,광양항태양광,전남 광양시 도이동 775,2.3,2608200
2019-03-21,광양항태양광,전남 광양시 도이동 775,2.3,6841800
2019-03-22,광양항태양광,전남 광양시 도이동 775,2.3,9298800
2019-03-23,광양항태양광,전남 광양시 도이동 775,2.3,7743600
2019-03-24,광양항태양광,전남 광양시 도이동 775,2.3,9675000
2019-03-25,광양항태양광,전남 광양시 도이동 775,2.3,6210000
2019-03-26,광양항태양광,전남 광양시 도이동 775,2.3,8969400
2019-03-27,광양항태양광,전남 광양시 도이동 775,2.3,8429400
2019-03-28,광양항태양광,전남 광양시 도이동 775,2.3,7423200
2019-03-29,광양항태양광,전남 광양시 도이동 775,2.3,8170200
2019-03-30,광양항태양광,전남 광양시 도이동 775,2.3,8080200
2019-03-31,광양항태양광,전남 광양시 도이동 775,2.3,9734400
2019-04-01,광양항태양광,전남 광양시 도이동 775,2.3,9068400
2019-04-02,광양항태양광,전남 광양시 도이동 775,2.3,9711000
2019-04-03,광양항태양광,전남 광양시 도이동 775,2.3,9766800
2019-04-04,광양항태양광,전남 광양시 도이동 775,2.3,9419400
2019-04-05,광양항태양광,전남 광양시 도이동 775,2.3,8289000
2019-04-06,광양항태양광,전남 광양시 도이동 775,2.3,9054000
2019-04-07,광양항태양광,전남 광양시 도이동 775,2.3,2143800
2019-04-08,광양항태양광,전남 광양시 도이동 775,2.3,7083000
2019-04-09,광양항태양광,전남 광양시 도이동 775,2.3,4748400
2019-04-10,광양항태양광,전남 광양시 도이동 775,2.3,2543400
2019-04-11,광양항태양광,전남 광양시 도이동 775,2.3,6760800
2019-04-12,광양항태양광,전남 광양시 도이동 775,2.3,8807400
2019-04-13,광양항태양광,전남 광양시 도이동 775,2.3,8152200
2019-04-14,광양항태양광,전남 광양시 도이동 775,2.3,3384000
2019-04-15,광양항태양광,전남 광양시 도이동 775,2.3,10168200
2019-04-16,광양항태양광,전남 광양시 도이동 775,2.3,8159400
2019-04-17,광양항태양광,전남 광양시 도이동 775,2.3,5513400
2019-04-18,광양항태양광,전남 광양시 도이동 775,2.3,10402200
2019-04-19,광양항태양광,전남 광양시 도이동 775,2.3,4113000
2019-04-20,광양항태양광,전남 광양시 도이동 775,2.3,9869400
2019-04-21,광양항태양광,전남 광양시 도이동 775,2.3,7390800
2019-04-22,광양항태양광,전남 광양시 도이동 775,2.3,9423000
2019-04-23,광양항태양광,전남 광양시 도이동 775,2.3,1641600
2019-04-24,광양항태양광,전남 광양시 도이동 775,2.3,5518800
2019-04-25,광양항태양광,전남 광양시 도이동 775,2.3,432000
2019-04-26,광양항태양광,전남 광양시 도이동 775,2.3,6154200
2019-04-27,광양항태양광,전남 광양시 도이동 775,2.3,10018800
2019-04-28,광양항태양광,전남 광양시 도이동 775,2.3,6125400
2019-04-29,광양항태양광,전남 광양시 도이동 775,2.3,765000
2019-04-30,광양항태양광,전남 광양시 도이동 775,2.3,7822800
2019-05-01,광양항태양광,전남 광양시 도이동 775,2.3,8814600
2019-05-02,광양항태양광,전남 광양시 도이동 775,2.3,11361600
2019-05-03,광양항태양광,전남 광양시 도이동 775,2.3,10857600
2019-05-04,광양항태양광,전남 광양시 도이동 775,2.3,9471600
2019-05-05,광양항태양광,전남 광양시 도이동 775,2.3,10132200
2019-05-06,광양항태양광,전남 광양시 도이동 775,2.3,10071000
2019-05-07,광양항태양광,전남 광양시 도이동 775,2.3,10976400
2019-05-08,광양항태양광,전남 광양시 도이동 775,2.3,8096400
2019-05-09,광양항태양광,전남 광양시 도이동 775,2.3,9298800
2019-05-10,광양항태양광,전남 광양시 도이동 775,2.3,9210600
2019-05-11,광양항태양광,전남 광양시 도이동 775,2.3,9547200
2019-05-12,광양항태양광,전남 광양시 도이동 775,2.3,10303200
2019-05-13,광양항태양광,전남 광양시 도이동 775,2.3,9275400
2019-05-14,광양항태양광,전남 광양시 도이동 775,2.3,9858600
2019-05-15,광양항태양광,전남 광양시 도이동 775,2.3,9493200
2019-05-16,광양항태양광,전남 광양시 도이동 775,2.3,9781200
2019-05-17,광양항태양광,전남 광양시 도이동 775,2.3,7464600
2019-05-18,광양항태양광,전남 광양시 도이동 775,2.3,2487600
2019-05-19,광양항태양광,전남 광양시 도이동 775,2.3,1681200
2019-05-20,광양항태양광,전남 광양시 도이동 775,2.3,6481800
2019-05-21,광양항태양광,전남 광양시 도이동 775,2.3,12220200
2019-05-22,광양항태양광,전남 광양시 도이동 775,2.3,11932200
2019-05-23,광양항태양광,전남 광양시 도이동 775,2.3,11313000
2019-05-24,광양항태양광,전남 광양시 도이동 775,2.3,10587600
2019-05-25,광양항태양광,전남 광양시 도이동 775,2.3,9226800
2019-05-26,광양항태양광,전남 광양시 도이동 775,2.3,8875800
2019-05-27,광양항태양광,전남 광양시 도이동 775,2.3,491400
2019-05-28,광양항태양광,전남 광양시 도이동 775,2.3,10704600
2019-05-29,광양항태양광,전남 광양시 도이동 775,2.3,12018600
2019-05-30,광양항태양광,전남 광양시 도이동 775,2.3,9135000
2019-05-31,광양항태양광,전남 광양시 도이동 775,2.3,8231400
2019-06-01,광양항태양광,전남 광양시 도이동 775,2.3,9662400
2019-06-02,광양항태양광,전남 광양시 도이동 775,2.3,9565200
2019-06-03,광양항태양광,전남 광양시 도이동 775,2.3,10938600
2019-06-04,광양항태양광,전남 광양시 도이동 775,2.3,11134800
2019-06-05,광양항태양광,전남 광양시 도이동 775,2.3,10767600
2019-06-06,광양항태양광,전남 광양시 도이동 775,2.3,6658200
2019-06-07,광양항태양광,전남 광양시 도이동 775,2.3,2167200
2019-06-08,광양항태양광,전남 광양시 도이동 775,2.3,6741000
2019-06-09,광양항태양광,전남 광양시 도이동 775,2.3,10251000
2019-06-10,광양항태양광,전남 광양시 도이동 775,2.3,5925600
2019-06-11,광양항태양광,전남 광양시 도이동 775,2.3,6010200
2019-06-12,광양항태양광,전남 광양시 도이동 775,2.3,10756800
2019-06-13,광양항태양광,전남 광양시 도이동 775,2.3,10377000
2019-06-14,광양항태양광,전남 광양시 도이동 775,2.3,2509200
2019-06-15,광양항태양광,전남 광양시 도이동 775,2.3,11730600
2019-06-16,광양항태양광,전남 광양시 도이동 775,2.3,9718200
2019-06-17,광양항태양광,전남 광양시 도이동 775,2.3,10213200
2019-06-18,광양항태양광,전남 광양시 도이동 775,2.3,6035400
2019-06-19,광양항태양광,전남 광양시 도이동 775,2.3,9514800
2019-06-20,광양항태양광,전남 광양시 도이동 775,2.3,10096200
2019-06-21,광양항태양광,전남 광양시 도이동 775,2.3,11215800
2019-06-22,광양항태양광,전남 광양시 도이동 775,2.3,7479000
2019-06-23,광양항태양광,전남 광양시 도이동 775,2.3,10477800
2019-06-24,광양항태양광,전남 광양시 도이동 775,2.3,9219600
2019-06-25,광양항태양광,전남 광양시 도이동 775,2.3,11122200
2019-06-26,광양항태양광,전남 광양시 도이동 775,2.3,1108800
2019-06-27,광양항태양광,전남 광양시 도이동 775,2.3,7273800
2019-06-28,광양항태양광,전남 광양시 도이동 775,2.3,10364400
2019-06-29,광양항태양광,전남 광양시 도이동 775,2.3,619200
2019-06-30,광양항태양광,전남 광양시 도이동 775,2.3,8389800
2019-07-01,광양항태양광,전남 광양시 도이동 775,2.3,4055400
2019-07-02,광양항태양광,전남 광양시 도이동 775,2.3,10891800
2019-07-03,광양항태양광,전남 광양시 도이동 775,2.3,6892200
2019-07-04,광양항태양광,전남 광양시 도이동 775,2.3,10740600
2019-07-05,광양항태양광,전남 광양시 도이동 775,2.3,9527400
2019-07-06,광양항태양광,전남 광양시 도이동 775,2.3,11802600
2019-07-07,광양항태양광,전남 광양시 도이동 775,2.3,8659800
2019-07-08,광양항태양광,전남 광양시 도이동 775,2.3,7128000
2019-07-09,광양항태양광,전남 광양시 도이동 775,2.3,6073200
2019-07-10,광양항태양광,전남 광양시 도이동 775,2.3,2289600
2019-07-11,광양항태양광,전남 광양시 도이동 775,2.3,8299800
2019-07-12,광양항태양광,전남 광양시 도이동 775,2.3,11102400
2019-07-13,광양항태양광,전남 광양시 도이동 775,2.3,3042000
2019-07-14,광양항태양광,전남 광양시 도이동 775,2.3,8397000
2019-07-15,광양항태양광,전남 광양시 도이동 775,2.3,10123200
2019-07-16,광양항태양광,전남 광양시 도이동 775,2.3,9493200
2019-07-17,광양항태양광,전남 광양시 도이동 775,2.3,9493200
2019-07-18,광양항태양광,전남 광양시 도이동 775,2.3,2538000
2019-07-19,광양항태양광,전남 광양시 도이동 775,2.3,181800
2019-07-20,광양항태양광,전남 광양시 도이동 775,2.3,651600
2019-07-21,광양항태양광,전남 광양시 도이동 775,2.3,3735000
2019-07-22,광양항태양광,전남 광양시 도이동 775,2.3,9358200
2019-07-23,광양항태양광,전남 광양시 도이동 775,2.3,10362600
2019-07-24,광양항태양광,전남 광양시 도이동 775,2.3,3826800
2019-07-25,광양항태양광,전남 광양시 도이동 775,2.3,2316600
2019-07-26,광양항태양광,전남 광양시 도이동 775,2.3,5450400
2019-07-27,광양항태양광,전남 광양시 도이동 775,2.3,2874600
2019-07-28,광양항태양광,전남 광양시 도이동 775,2.3,7891200
2019-07-29,광양항태양광,전남 광양시 도이동 775,2.3,10398600
2019-07-30,광양항태양광,전남 광양시 도이동 775,2.3,9448200
2019-07-31,광양항태양광,전남 광양시 도이동 775,2.3,10594800
2019-08-01,광양항태양광,전남 광양시 도이동 775,2.3,11250000
2019-08-02,광양항태양광,전남 광양시 도이동 775,2.3,10553400
2019-08-03,광양항태양광,전남 광양시 도이동 775,2.3,9601200
2019-08-04,광양항태양광,전남 광양시 도이동 775,2.3,7324200
2019-08-05,광양항태양광,전남 광양시 도이동 775,2.3,10148400
2019-08-06,광양항태양광,전남 광양시 도이동 775,2.3,4980600
2019-08-07,광양항태양광,전남 광양시 도이동 775,2.3,10805400
2019-08-08,광양항태양광,전남 광양시 도이동 775,2.3,9961200
2019-08-09,광양항태양광,전남 광양시 도이동 775,2.3,8677800
2019-08-10,광양항태양광,전남 광양시 도이동 775,2.3,9649800
2019-08-11,광양항태양광,전남 광양시 도이동 775,2.3,7678800
2019-08-12,광양항태양광,전남 광양시 도이동 775,2.3,3729600
2019-08-13,광양항태양광,전남 광양시 도이동 775,2.3,8911800
2019-08-14,광양항태양광,전남 광양시 도이동 775,2.3,10560600
2019-08-15,광양항태양광,전남 광양시 도이동 775,2.3,5758200
2019-08-16,광양항태양광,전남 광양시 도이동 775,2.3,7693200
2019-08-17,광양항태양광,전남 광양시 도이동 775,2.3,10663200
2019-08-18,광양항태양광,전남 광양시 도이동 775,2.3,10308600
2019-08-19,광양항태양광,전남 광양시 도이동 775,2.3,7486200
2019-08-20,광양항태양광,전남 광양시 도이동 775,2.3,5005800
2019-08-21,광양항태양광,전남 광양시 도이동 775,2.3,3706200
2019-08-22,광양항태양광,전남 광양시 도이동 775,2.3,4563000
2019-08-23,광양항태양광,전남 광양시 도이동 775,2.3,4620600
2019-08-24,광양항태양광,전남 광양시 도이동 775,2.3,7009200
2019-08-25,광양항태양광,전남 광양시 도이동 775,2.3,4867200
2019-08-26,광양항태양광,전남 광양시 도이동 775,2.3,8512200
2019-08-27,광양항태양광,전남 광양시 도이동 775,2.3,1287000
2019-08-28,광양항태양광,전남 광양시 도이동 775,2.3,4028400
2019-08-29,광양항태양광,전남 광양시 도이동 775,2.3,1746000
2019-08-30,광양항태양광,전남 광양시 도이동 775,2.3,9997200
2019-08-31,광양항태양광,전남 광양시 도이동 775,2.3,8771400
2019-09-01,광양항태양광,전남 광양시 도이동 775,2.3,2471400
2019-09-02,광양항태양광,전남 광양시 도이동 775,2.3,1872000
2019-09-03,광양항태양광,전남 광양시 도이동 775,2.3,2563200
2019-09-04,광양항태양광,전남 광양시 도이동 775,2.3,1378800
2019-09-05,광양항태양광,전남 광양시 도이동 775,2.3,5994000
2019-09-06,광양항태양광,전남 광양시 도이동 775,2.3,2988000
2019-09-07,광양항태양광,전남 광양시 도이동 775,2.3,0
2019-09-08,광양항태양광,전남 광양시 도이동 775,2.3,2289600
2019-09-09,광양항태양광,전남 광양시 도이동 775,2.3,6100200
2019-09-10,광양항태양광,전남 광양시 도이동 775,2.3,7525800
2019-09-11,광양항태양광,전남 광양시 도이동 775,2.3,6337800
2019-09-12,광양항태양광,전남 광양시 도이동 775,2.3,2658600
2019-09-13,광양항태양광,전남 광양시 도이동 775,2.3,9684000
2019-09-14,광양항태양광,전남 광양시 도이동 775,2.3,8974800
2019-09-15,광양항태양광,전남 광양시 도이동 775,2.3,7437600
2019-09-16,광양항태양광,전남 광양시 도이동 775,2.3,7862400
2019-09-17,광양항태양광,전남 광양시 도이동 775,2.3,9567000
2019-09-18,광양항태양광,전남 광양시 도이동 775,2.3,8496000
2019-09-19,광양항태양광,전남 광양시 도이동 775,2.3,8040600
2019-09-20,광양항태양광,전남 광양시 도이동 775,2.3,7151400
2019-09-21,광양항태양광,전남 광양시 도이동 775,2.3,1161000
2019-09-22,광양항태양광,전남 광양시 도이동 775,2.3,1342800
2019-09-23,광양항태양광,전남 광양시 도이동 775,2.3,3461400
2019-09-24,광양항태양광,전남 광양시 도이동 775,2.3,8668800
2019-09-25,광양항태양광,전남 광양시 도이동 775,2.3,6987600
2019-09-26,광양항태양광,전남 광양시 도이동 775,2.3,7815600
2019-09-27,광양항태양광,전남 광양시 도이동 775,2.3,4550400
2019-09-28,광양항태양광,전남 광양시 도이동 775,2.3,3585600
2019-09-29,광양항태양광,전남 광양시 도이동 775,2.3,6820200
2019-09-30,광양항태양광,전남 광양시 도이동 775,2.3,4059000
2019-10-01,광양항태양광,전남 광양시 도이동 775,2.3,1029600
2019-10-02,광양항태양광,전남 광양시 도이동 775,2.3,160200
2019-10-03,광양항태양광,전남 광양시 도이동 775,2.3,5927400
2019-10-04,광양항태양광,전남 광양시 도이동 775,2.3,7896600
2019-10-05,광양항태양광,전남 광양시 도이동 775,2.3,6022800
2019-10-06,광양항태양광,전남 광양시 도이동 775,2.3,7502400
2019-10-07,광양항태양광,전남 광양시 도이동 775,2.3,1159200
2019-10-08,광양항태양광,전남 광양시 도이동 775,2.3,6238800
2019-10-09,광양항태양광,전남 광양시 도이동 775,2.3,6949800
2019-10-10,광양항태양광,전남 광양시 도이동 775,2.3,6001200
2019-10-11,광양항태양광,전남 광양시 도이동 775,2.3,5603400
2019-10-12,광양항태양광,전남 광양시 도이동 775,2.3,5743800
2019-10-13,광양항태양광,전남 광양시 도이동 775,2.3,6440400
2019-10-14,광양항태양광,전남 광양시 도이동 775,2.3,7239600
2019-10-15,광양항태양광,전남 광양시 도이동 775,2.3,5153400
2019-10-16,광양항태양광,전남 광양시 도이동 775,2.3,7117200
2019-10-17,광양항태양광,전남 광양시 도이동 775,2.3,5036400
2019-10-18,광양항태양광,전남 광양시 도이동 775,2.3,1182600
2019-10-19,광양항태양광,전남 광양시 도이동 775,2.3,7241400
2019-10-20,광양항태양광,전남 광양시 도이동 775,2.3,7072200
2019-10-21,광양항태양광,전남 광양시 도이동 775,2.3,7093800
2019-10-22,광양항태양광,전남 광양시 도이동 775,2.3,7075800
2019-10-23,광양항태양광,전남 광양시 도이동 775,2.3,3612600
2019-10-24,광양항태양광,전남 광양시 도이동 775,2.3,3981600
2019-10-25,광양항태양광,전남 광양시 도이동 775,2.3,5848200
2019-10-26,광양항태양광,전남 광양시 도이동 775,2.3,6642000
2019-10-27,광양항태양광,전남 광양시 도이동 775,2.3,5563800
2019-10-28,광양항태양광,전남 광양시 도이동 775,2.3,6143400
2019-10-29,광양항태양광,전남 광양시 도이동 775,2.3,5337000
2019-10-30,광양항태양광,전남 광양시 도이동 775,2.3,6409800
2019-10-31,광양항태양광,전남 광양시 도이동 775,2.3,6120000
2019-11-01,광양항태양광,전남 광양시 도이동 775,2.3,5491800
2019-11-02,광양항태양광,전남 광양시 도이동 775,2.3,4330800
2019-11-03,광양항태양광,전남 광양시 도이동 775,2.3,4518000
2019-11-04,광양항태양광,전남 광양시 도이동 775,2.3,4289400
2019-11-05,광양항태양광,전남 광양시 도이동 775,2.3,5542200
2019-11-06,광양항태양광,전남 광양시 도이동 775,2.3,5389200
2019-11-07,광양항태양광,전남 광양시 도이동 775,2.3,5025600
2019-11-08,광양항태양광,전남 광양시 도이동 775,2.3,5558400
2019-11-09,광양항태양광,전남 광양시 도이동 775,2.3,5455800
2019-11-10,광양항태양광,전남 광양시 도이동 775,2.3,3227400
2019-11-11,광양항태양광,전남 광양시 도이동 775,2.3,4888800
2019-11-12,광양항태양광,전남 광양시 도이동 775,2.3,5164200
2019-11-13,광양항태양광,전남 광양시 도이동 775,2.3,2368800
2019-11-14,광양항태양광,전남 광양시 도이동 775,2.3,5864400
2019-11-15,광양항태양광,전남 광양시 도이동 775,2.3,5401800
2019-11-16,광양항태양광,전남 광양시 도이동 775,2.3,5153400
2019-11-17,광양항태양광,전남 광양시 도이동 775,2.3,842400
2019-11-18,광양항태양광,전남 광양시 도이동 775,2.3,2066400
2019-11-19,광양항태양광,전남 광양시 도이동 775,2.3,3949200
2019-11-20,광양항태양광,전남 광양시 도이동 775,2.3,5360400
2019-11-21,광양항태양광,전남 광양시 도이동 775,2.3,4921200
2019-11-22,광양항태양광,전남 광양시 도이동 775,2.3,5126400
2019-11-23,광양항태양광,전남 광양시 도이동 775,2.3,5025600
2019-11-24,광양항태양광,전남 광양시 도이동 775,2.3,3202200
2019-11-25,광양항태양광,전남 광양시 도이동 775,2.3,3076200
2019-11-26,광양항태양광,전남 광양시 도이동 775,2.3,4320000
2019-11-27,광양항태양광,전남 광양시 도이동 775,2.3,1729800
2019-11-28,광양항태양광,전남 광양시 도이동 775,2.3,4771800
2019-11-29,광양항태양광,전남 광양시 도이동 775,2.3,4824000
2019-11-30,광양항태양광,전남 광양시 도이동 775,2.3,4802400
2019-12-01,광양항태양광,전남 광양시 도이동 775,2.3,370800
2019-12-02,광양항태양광,전남 광양시 도이동 775,2.3,3832200
2019-12-03,광양항태양광,전남 광양시 도이동 775,2.3,3826800
2019-12-04,광양항태양광,전남 광양시 도이동 775,2.3,4685400
2019-12-05,광양항태양광,전남 광양시 도이동 775,2.3,4771800
2019-12-06,광양항태양광,전남 광양시 도이동 775,2.3,3544200
2019-12-07,광양항태양광,전남 광양시 도이동 775,2.3,4687200
2019-12-08,광양항태양광,전남 광양시 도이동 775,2.3,4582800
2019-12-09,광양항태양광,전남 광양시 도이동 775,2.3,4258800
2019-12-10,광양항태양광,전남 광양시 도이동 775,2.3,3891600
2019-12-11,광양항태양광,전남 광양시 도이동 775,2.3,3677400
2019-12-12,광양항태양광,전남 광양시 도이동 775,2.3,4663800
2019-12-13,광양항태양광,전남 광양시 도이동 775,2.3,4064400
2019-12-14,광양항태양광,전남 광양시 도이동 775,2.3,4752000
2019-12-15,광양항태양광,전남 광양시 도이동 775,2.3,4687200
2019-12-16,광양항태양광,전남 광양시 도이동 775,2.3,3798000
2019-12-17,광양항태양광,전남 광양시 도이동 775,2.3,1198800
2019-12-18,광양항태양광,전남 광양시 도이동 775,2.3,4888800
2019-12-19,광양항태양광,전남 광양시 도이동 775,2.3,2694600
2019-12-20,광양항태양광,전남 광양시 도이동 775,2.3,3265200
2019-12-21,광양항태양광,전남 광양시 도이동 775,2.3,1618200
2019-12-22,광양항태양광,전남 광양시 도이동 775,2.3,2197800
2019-12-23,광양항태양광,전남 광양시 도이동 775,2.3,3403800
2019-12-24,광양항태양광,전남 광양시 도이동 775,2.3,4573800
2019-12-25,광양항태양광,전남 광양시 도이동 775,2.3,4627800
2019-12-26,광양항태양광,전남 광양시 도이동 775,2.3,478800
2019-12-27,광양항태양광,전남 광양시 도이동 775,2.3,5119200
2019-12-28,광양항태양광,전남 광양시 도이동 775,2.3,4852800
2019-12-29,광양항태양광,전남 광양시 도이동 775,2.3,1431000
2019-12-30,광양항태양광,전남 광양시 도이동 775,2.3,1416600
2019-12-31,광양항태양광,전남 광양시 도이동 775,2.3,5457600
2020-01-01,광양항태양광,전남 광양시 도이동 775,2.3,5236200
2020-01-02,광양항태양광,전남 광양시 도이동 775,2.3,4446000
2020-01-03,광양항태양광,전남 광양시 도이동 775,2.3,4807800
2020-01-04,광양항태양광,전남 광양시 도이동 775,2.3,4638600
2020-01-05,광양항태양광,전남 광양시 도이동 775,2.3,4503600
2020-01-06,광양항태양광,전남 광양시 도이동 775,2.3,334800
2020-01-07,광양항태양광,전남 광양시 도이동 775,2.3,379800
2020-01-08,광양항태양광,전남 광양시 도이동 775,2.3,1116000
2020-01-09,광양항태양광,전남 광양시 도이동 775,2.3,3826800
2020-01-10,광양항태양광,전남 광양시 도이동 775,2.3,4609800
2020-01-11,광양항태양광,전남 광양시 도이동 775,2.3,4521600
2020-01-12,광양항태양광,전남 광양시 도이동 775,2.3,4845600
2020-01-13,광양항태양광,전남 광양시 도이동 775,2.3,3985200
2020-01-14,광양항태양광,전남 광양시 도이동 775,2.3,2844000
2020-01-15,광양항태양광,전남 광양시 도이동 775,2.3,4849200
2020-01-16,광양항태양광,전남 광양시 도이동 775,2.3,4264200
2020-01-17,광양항태양광,전남 광양시 도이동 775,2.3,4104000
2020-01-18,광양항태양광,전남 광양시 도이동 775,2.3,4939200
2020-01-19,광양항태양광,전남 광양시 도이동 775,2.3,2034000
2020-01-20,광양항태양광,전남 광양시 도이동 775,2.3,4338000
2020-01-21,광양항태양광,전남 광양시 도이동 775,2.3,5079600
2020-01-22,광양항태양광,전남 광양시 도이동 775,2.3,145800
2020-01-23,광양항태양광,전남 광양시 도이동 775,2.3,2167200
2020-01-24,광양항태양광,전남 광양시 도이동 775,2.3,5009400
2020-01-25,광양항태양광,전남 광양시 도이동 775,2.3,2125800
2020-01-26,광양항태양광,전남 광양시 도이동 775,2.3,3096000
2020-01-27,광양항태양광,전남 광양시 도이동 775,2.3,527400
2020-01-28,광양항태양광,전남 광양시 도이동 775,2.3,3393000
2020-01-29,광양항태양광,전남 광양시 도이동 775,2.3,1702800
2020-01-30,광양항태양광,전남 광양시 도이동 775,2.3,4345200
2020-01-31,광양항태양광,전남 광양시 도이동 775,2.3,5783400
2020-02-01,광양항태양광,전남 광양시 도이동 775,2.3,5823000
2020-02-02,광양항태양광,전남 광양시 도이동 775,2.3,5540400
2020-02-03,광양항태양광,전남 광양시 도이동 775,2.3,5936400
2020-02-04,광양항태양광,전남 광양시 도이동 775,2.3,6705000
2020-02-05,광양항태양광,전남 광양시 도이동 775,2.3,6980400
2020-02-06,광양항태양광,전남 광양시 도이동 775,2.3,6264000
2020-02-07,광양항태양광,전남 광양시 도이동 775,2.3,5742000
2020-02-08,광양항태양광,전남 광양시 도이동 775,2.3,6339600
2020-02-09,광양항태양광,전남 광양시 도이동 775,2.3,7083000
2020-02-10,광양항태양광,전남 광양시 도이동 775,2.3,6157800
2020-02-11,광양항태양광,전남 광양시 도이동 775,2.3,4948200
2020-02-12,광양항태양광,전남 광양시 도이동 775,2.3,1218600
2020-02-13,광양항태양광,전남 광양시 도이동 775,2.3,7227000
2020-02-14,광양항태양광,전남 광양시 도이동 775,2.3,7083000
2020-02-15,광양항태양광,전남 광양시 도이동 775,2.3,5074200
2020-02-16,광양항태양광,전남 광양시 도이동 775,2.3,3420000
2020-02-17,광양항태양광,전남 광양시 도이동 775,2.3,6957000
2020-02-18,광양항태양광,전남 광양시 도이동 775,2.3,8060400
2020-02-19,광양항태양광,전남 광양시 도이동 775,2.3,7446600
2020-02-20,광양항태양광,전남 광양시 도이동 775,2.3,7439400
2020-02-21,광양항태양광,전남 광양시 도이동 775,2.3,6994800
2020-02-22,광양항태양광,전남 광양시 도이동 775,2.3,7167600
2020-02-23,광양항태양광,전남 광양시 도이동 775,2.3,8308800
2020-02-24,광양항태양광,전남 광양시 도이동 775,2.3,7347600
2020-02-25,광양항태양광,전남 광양시 도이동 775,2.3,57600
2020-02-26,광양항태양광,전남 광양시 도이동 775,2.3,5288400
2020-02-27,광양항태양광,전남 광양시 도이동 775,2.3,5583600
2020-02-28,광양항태양광,전남 광양시 도이동 775,2.3,1060200
2020-02-29,광양항태양광,전남 광양시 도이동 775,2.3,3852000
2020-03-01,광양항태양광,전남 광양시 도이동 775,2.3,4978800
2020-03-02,광양항태양광,전남 광양시 도이동 775,2.3,8085600
2020-03-03,광양항태양광,전남 광양시 도이동 775,2.3,5711400
2020-03-04,광양항태양광,전남 광양시 도이동 775,2.3,8676000
2020-03-05,광양항태양광,전남 광양시 도이동 775,2.3,9014400
2020-03-06,광양항태양광,전남 광양시 도이동 775,2.3,8512200
2020-03-07,광양항태양광,전남 광양시 도이동 775,2.3,1558800
2020-03-08,광양항태양광,전남 광양시 도이동 775,2.3,7788600
2020-03-09,광양항태양광,전남 광양시 도이동 775,2.3,2469600
2020-03-10,광양항태양광,전남 광양시 도이동 775,2.3,2001600
2020-03-11,광양항태양광,전남 광양시 도이동 775,2.3,9986400
2020-03-12,광양항태양광,전남 광양시 도이동 775,2.3,9559800
2020-03-13,광양항태양광,전남 광양시 도이동 775,2.3,8483400
2020-03-14,광양항태양광,전남 광양시 도이동 775,2.3,10092600
2020-03-15,광양항태양광,전남 광양시 도이동 775,2.3,8123400
2020-03-16,광양항태양광,전남 광양시 도이동 775,2.3,9754200
2020-03-17,광양항태양광,전남 광양시 도이동 775,2.3,9397800
2020-03-18,광양항태양광,전남 광양시 도이동 775,2.3,9619200
2020-03-19,광양항태양광,전남 광양시 도이동 775,2.3,8490600
2020-03-20,광양항태양광,전남 광양시 도이동 775,2.3,9959400
2020-03-21,광양항태양광,전남 광양시 도이동 775,2.3,8715600
2020-03-22,광양항태양광,전남 광양시 도이동 775,2.3,7428600
2020-03-23,광양항태양광,전남 광양시 도이동 775,2.3,8888400
2020-03-24,광양항태양광,전남 광양시 도이동 775,2.3,8667000
2020-03-25,광양항태양광,전남 광양시 도이동 775,2.3,9615600
2020-03-26,광양항태양광,전남 광양시 도이동 775,2.3,412200
2020-03-27,광양항태양광,전남 광양시 도이동 775,2.3,7183800
2020-03-28,광양항태양광,전남 광양시 도이동 775,2.3,4032000
2020-03-29,광양항태양광,전남 광양시 도이동 775,2.3,9763200
2020-03-30,광양항태양광,전남 광양시 도이동 775,2.3,9630000
2020-03-31,광양항태양광,전남 광양시 도이동 775,2.3,9131400
2020-04-01,광양항태양광,전남 광양시 도이동 775,2.3,7621200
2020-04-02,광양항태양광,전남 광양시 도이동 775,2.3,10166400
2020-04-03,광양항태양광,전남 광양시 도이동 775,2.3,10605600
2020-04-04,광양항태양광,전남 광양시 도이동 775,2.3,10936800
2020-04-05,광양항태양광,전남 광양시 도이동 775,2.3,11406600
2020-04-06,광양항태양광,전남 광양시 도이동 775,2.3,10630800
2020-04-07,광양항태양광,전남 광양시 도이동 775,2.3,10333800
2020-04-08,광양항태양광,전남 광양시 도이동 775,2.3,10540800
2020-04-09,광양항태양광,전남 광양시 도이동 775,2.3,10274400
2020-04-10,광양항태양광,전남 광양시 도이동 775,2.3,3295800
2020-04-11,광양항태양광,전남 광양시 도이동 775,2.3,3913200
2020-04-12,광양항태양광,전남 광양시 도이동 775,2.3,4190400
2020-04-13,광양항태양광,전남 광양시 도이동 775,2.3,10000800
2020-04-14,광양항태양광,전남 광양시 도이동 775,2.3,11543400
2020-04-15,광양항태양광,전남 광양시 도이동 775,2.3,9201600
2020-04-16,광양항태양광,전남 광양시 도이동 775,2.3,11208600
2020-04-17,광양항태양광,전남 광양시 도이동 775,2.3,973800
2020-04-18,광양항태양광,전남 광양시 도이동 775,2.3,12036600
2020-04-19,광양항태양광,전남 광양시 도이동 775,2.3,1380600
2020-04-20,광양항태양광,전남 광양시 도이동 775,2.3,11080800
2020-04-21,광양항태양광,전남 광양시 도이동 775,2.3,12290400
2020-04-22,광양항태양광,전남 광양시 도이동 775,2.3,12542400
2020-04-23,광양항태양광,전남 광양시 도이동 775,2.3,12290400
2020-04-24,광양항태양광,전남 광양시 도이동 775,2.3,12511800
2020-04-25,광양항태양광,전남 광양시 도이동 775,2.3,11674800
2020-04-26,광양항태양광,전남 광양시 도이동 775,2.3,12103200
2020-04-27,광양항태양광,전남 광양시 도이동 775,2.3,11599200
2020-04-28,광양항태양광,전남 광양시 도이동 775,2.3,12085200
2020-04-29,광양항태양광,전남 광양시 도이동 775,2.3,11901600
2020-04-30,광양항태양광,전남 광양시 도이동 775,2.3,10706400
2020-05-01,광양항태양광,전남 광양시 도이동 775,2.3,9041400
2020-05-02,광양항태양광,전남 광양시 도이동 775,2.3,6420600
2020-05-03,광양항태양광,전남 광양시 도이동 775,2.3,806400
2020-05-04,광양항태양광,전남 광양시 도이동 775,2.3,11556000
2020-05-05,광양항태양광,전남 광양시 도이동 775,2.3,3787200
2020-05-06,광양항태양광,전남 광양시 도이동 775,2.3,12490200
2020-05-07,광양항태양광,전남 광양시 도이동 775,2.3,12790800
2020-05-08,광양항태양광,전남 광양시 도이동 775,2.3,8726400
2020-05-09,광양항태양광,전남 광양시 도이동 775,2.3,1267200
2020-05-10,광양항태양광,전남 광양시 도이동 775,2.3,10542600
2020-05-11,광양항태양광,전남 광양시 도이동 775,2.3,12925800
2020-05-12,광양항태양광,전남 광양시 도이동 775,2.3,12387600
2020-05-13,광양항태양광,전남 광양시 도이동 775,2.3,13195800
2020-05-14,광양항태양광,전남 광양시 도이동 775,2.3,9262800
2020-05-15,광양항태양광,전남 광양시 도이동 775,2.3,441000
2020-05-16,광양항태양광,전남 광양시 도이동 775,2.3,9511200
2020-05-17,광양항태양광,전남 광양시 도이동 775,2.3,10270800
2020-05-18,광양항태양광,전남 광양시 도이동 775,2.3,2955600
2020-05-19,광양항태양광,전남 광양시 도이동 775,2.3,8042400
2020-05-20,광양항태양광,전남 광양시 도이동 775,2.3,10749600
2020-05-21,광양항태양광,전남 광양시 도이동 775,2.3,8449200
2020-05-22,광양항태양광,전남 광양시 도이동 775,2.3,11532600
2020-05-23,광양항태양광,전남 광양시 도이동 775,2.3,12610800
2020-05-24,광양항태양광,전남 광양시 도이동 775,2.3,8566200
2020-05-25,광양항태양광,전남 광양시 도이동 775,2.3,7894800
2020-05-26,광양항태양광,전남 광양시 도이동 775,2.3,7498800
2020-05-27,광양항태양광,전남 광양시 도이동 775,2.3,11827800
2020-05-28,광양항태양광,전남 광양시 도이동 775,2.3,12555000
2020-05-29,광양항태양광,전남 광양시 도이동 775,2.3,11606400
2020-05-30,광양항태양광,전남 광양시 도이동 775,2.3,6744600
2020-05-31,광양항태양광,전남 광양시 도이동 775,2.3,7147800
2020-06-01,광양항태양광,전남 광양시 도이동 775,2.3,12763800
2020-06-02,광양항태양광,전남 광양시 도이동 775,2.3,12711600
2020-06-03,광양항태양광,전남 광양시 도이동 775,2.3,5808600
2020-06-04,광양항태양광,전남 광양시 도이동 775,2.3,12618000
2020-06-05,광양항태양광,전남 광양시 도이동 775,2.3,9909000
2020-06-06,광양항태양광,전남 광양시 도이동 775,2.3,9255600
2020-06-07,광양항태양광,전남 광양시 도이동 775,2.3,12155400
2020-06-08,광양항태양광,전남 광양시 도이동 775,2.3,12929400
2020-06-09,광양항태양광,전남 광양시 도이동 775,2.3,12740400
2020-06-10,광양항태양광,전남 광양시 도이동 775,2.3,10935000
2020-06-11,광양항태양광,전남 광양시 도이동 775,2.3,8634600
2020-06-12,광양항태양광,전남 광양시 도이동 775,2.3,8479800
2020-06-13,광양항태양광,전남 광양시 도이동 775,2.3,2746800
2020-06-14,광양항태양광,전남 광양시 도이동 775,2.3,5241600
2020-06-15,광양항태양광,전남 광양시 도이동 775,2.3,13177800
2020-06-16,광양항태양광,전남 광양시 도이동 775,2.3,13307400
2020-06-17,광양항태양광,전남 광양시 도이동 775,2.3,7596000
2020-06-18,광양항태양광,전남 광양시 도이동 775,2.3,1837800
2020-06-19,광양항태양광,전남 광양시 도이동 775,2.3,10836000
2020-06-20,광양항태양광,전남 광양시 도이동 775,2.3,482400
2020-06-21,광양항태양광,전남 광양시 도이동 775,2.3,12063600
2020-06-22,광양항태양광,전남 광양시 도이동 775,2.3,13444200
2020-06-23,광양항태양광,전남 광양시 도이동 775,2.3,12879000
2020-06-24,광양항태양광,전남 광양시 도이동 775,2.3,1998000
2020-06-25,광양항태양광,전남 광양시 도이동 775,2.3,2241000
2020-06-26,광양항태양광,전남 광양시 도이동 775,2.3,13636800
2020-06-27,광양항태양광,전남 광양시 도이동 775,2.3,8710200
2020-06-28,광양항태양광,전남 광양시 도이동 775,2.3,12049200
2020-06-29,광양항태양광,전남 광양시 도이동 775,2.3,1524600
2020-06-30,광양항태양광,전남 광양시 도이동 775,2.3,5671800
2020-07-01,광양항태양광,전남 광양시 도이동 775,2.3,8881200
2020-07-02,광양항태양광,전남 광양시 도이동 775,2.3,8035200
2020-07-03,광양항태양광,전남 광양시 도이동 775,2.3,3240000
2020-07-04,광양항태양광,전남 광양시 도이동 775,2.3,5279400
2020-07-05,광양항태양광,전남 광양시 도이동 775,2.3,7529400
2020-07-06,광양항태양광,전남 광양시 도이동 775,2.3,1956600
2020-07-07,광양항태양광,전남 광양시 도이동 775,2.3,11046600
2020-07-08,광양항태양광,전남 광양시 도이동 775,2.3,9954000
2020-07-09,광양항태양광,전남 광양시 도이동 775,2.3,5493600
2020-07-10,광양항태양광,전남 광양시 도이동 775,2.3,6001200
2020-07-11,광양항태양광,전남 광양시 도이동 775,2.3,7230600
2020-07-12,광양항태양광,전남 광양시 도이동 775,2.3,1008000
2020-07-13,광양항태양광,전남 광양시 도이동 775,2.3,754200
2020-07-14,광양항태양광,전남 광양시 도이동 775,2.3,7988400
2020-07-15,광양항태양광,전남 광양시 도이동 775,2.3,1769400
2020-07-16,광양항태양광,전남 광양시 도이동 775,2.3,11444400
2020-07-17,광양항태양광,전남 광양시 도이동 775,2.3,10899000
2020-07-18,광양항태양광,전남 광양시 도이동 775,2.3,4905000
2020-07-19,광양항태양광,전남 광양시 도이동 775,2.3,2365200
2020-07-20,광양항태양광,전남 광양시 도이동 775,2.3,5360400
2020-07-21,광양항태양광,전남 광양시 도이동 775,2.3,8011800
2020-07-22,광양항태양광,전남 광양시 도이동 775,2.3,2568600
2020-07-23,광양항태양광,전남 광양시 도이동 775,2.3,930600
2020-07-24,광양항태양광,전남 광양시 도이동 775,2.3,918000
2020-07-25,광양항태양광,전남 광양시 도이동 775,2.3,6139800
2020-07-26,광양항태양광,전남 광양시 도이동 775,2.3,12508200
2020-07-27,광양항태양광,전남 광양시 도이동 775,2.3,2233800
2020-07-28,광양항태양광,전남 광양시 도이동 775,2.3,4496400
2020-07-29,광양항태양광,전남 광양시 도이동 775,2.3,5682600
2020-07-30,광양항태양광,전남 광양시 도이동 775,2.3,6744600
2020-07-31,광양항태양광,전남 광양시 도이동 775,2.3,10836000
2020-08-01,광양항태양광,전남 광양시 도이동 775,2.3,8676000
2020-08-02,광양항태양광,전남 광양시 도이동 775,2.3,9043200
2020-08-03,광양항태양광,전남 광양시 도이동 775,2.3,5473800
2020-08-04,광양항태양광,전남 광양시 도이동 775,2.3,10018800
2020-08-05,광양항태양광,전남 광양시 도이동 775,2.3,4858200
2020-08-06,광양항태양광,전남 광양시 도이동 775,2.3,1699200
2020-08-07,광양항태양광,전남 광양시 도이동 775,2.3,1332000
2020-08-08,광양항태양광,전남 광양시 도이동 775,2.3,1614600
2020-08-09,광양항태양광,전남 광양시 도이동 775,2.3,6602400
2020-08-10,광양항태양광,전남 광양시 도이동 775,2.3,2046600
2020-08-11,광양항태양광,전남 광양시 도이동 775,2.3,4608000
2020-08-12,광양항태양광,전남 광양시 도이동 775,2.3,7340400
2020-08-13,광양항태양광,전남 광양시 도이동 775,2.3,9144000
2020-08-14,광양항태양광,전남 광양시 도이동 775,2.3,10062000
2020-08-15,광양항태양광,전남 광양시 도이동 775,2.3,11230200
2020-08-16,광양항태양광,전남 광양시 도이동 775,2.3,11901600
2020-08-17,광양항태양광,전남 광양시 도이동 775,2.3,11925000
2020-08-18,광양항태양광,전남 광양시 도이동 775,2.3,9379800
2020-08-19,광양항태양광,전남 광양시 도이동 775,2.3,11669400
2020-08-20,광양항태양광,전남 광양시 도이동 775,2.3,11476800
2020-08-21,광양항태양광,전남 광양시 도이동 775,2.3,9441000
2020-08-22,광양항태양광,전남 광양시 도이동 775,2.3,5103000
2020-08-23,광양항태양광,전남 광양시 도이동 775,2.3,8915400
2020-08-24,광양항태양광,전남 광양시 도이동 775,2.3,10654200
2020-08-25,광양항태양광,전남 광양시 도이동 775,2.3,9761400
2020-08-26,광양항태양광,전남 광양시 도이동 775,2.3,4032000
2020-08-27,광양항태양광,전남 광양시 도이동 775,2.3,5407200
2020-08-28,광양항태양광,전남 광양시 도이동 775,2.3,4447800
2020-08-29,광양항태양광,전남 광양시 도이동 775,2.3,6703200
2020-08-30,광양항태양광,전남 광양시 도이동 775,2.3,9882000
2020-08-31,광양항태양광,전남 광양시 도이동 775,2.3,8985600
2020-09-01,광양항태양광,전남 광양시 도이동 775,2.3,6854400
2020-09-02,광양항태양광,전남 광양시 도이동 775,2.3,2903400
2020-09-03,광양항태양광,전남 광양시 도이동 775,2.3,10416600
2020-09-04,광양항태양광,전남 광양시 도이동 775,2.3,10220400
2020-09-05,광양항태양광,전남 광양시 도이동 775,2.3,1618200
2020-09-06,광양항태양광,전남 광양시 도이동 775,2.3,1998000
2020-09-07,광양항태양광,전남 광양시 도이동 775,2.3,4224600
2020-09-08,광양항태양광,전남 광양시 도이동 775,2.3,9325800
2020-09-09,광양항태양광,전남 광양시 도이동 775,2.3,7380000
2020-09-10,광양항태양광,전남 광양시 도이동 775,2.3,9363600
2020-09-11,광양항태양광,전남 광양시 도이동 775,2.3,2815200
2020-09-12,광양항태양광,전남 광양시 도이동 775,2.3,7844400
2020-09-13,광양항태양광,전남 광양시 도이동 775,2.3,4663800
2020-09-14,광양항태양광,전남 광양시 도이동 775,2.3,9819000
2020-09-15,광양항태양광,전남 광양시 도이동 775,2.3,7475400
2020-09-16,광양항태양광,전남 광양시 도이동 775,2.3,2026800
2020-09-17,광양항태양광,전남 광양시 도이동 775,2.3,2487600
2020-09-18,광양항태양광,전남 광양시 도이동 775,2.3,5565600
2020-09-19,광양항태양광,전남 광양시 도이동 775,2.3,8870400
2020-09-20,광양항태양광,전남 광양시 도이동 775,2.3,10162800
2020-09-21,광양항태양광,전남 광양시 도이동 775,2.3,8766000
2020-09-22,광양항태양광,전남 광양시 도이동 775,2.3,6786000
2020-09-23,광양항태양광,전남 광양시 도이동 775,2.3,4937400
2020-09-24,광양항태양광,전남 광양시 도이동 775,2.3,7567200
2020-09-25,광양항태양광,전남 광양시 도이동 775,2.3,7241400
2020-09-26,광양항태양광,전남 광양시 도이동 775,2.3,9484200
2020-09-27,광양항태양광,전남 광양시 도이동 775,2.3,9482400
2020-09-28,광양항태양광,전남 광양시 도이동 775,2.3,9484200
2020-09-29,광양항태양광,전남 광양시 도이동 775,2.3,8704800
2020-09-30,광양항태양광,전남 광양시 도이동 775,2.3,8740800
2020-10-01,광양항태양광,전남 광양시 도이동 775,2.3,8343000
2020-10-02,광양항태양광,전남 광양시 도이동 775,2.3,8870400
2020-10-03,광양항태양광,전남 광양시 도이동 775,2.3,7720200
2020-10-04,광양항태양광,전남 광양시 도이동 775,2.3,3920400
2020-10-05,광양항태양광,전남 광양시 도이동 775,2.3,9163800
2020-10-06,광양항태양광,전남 광양시 도이동 775,2.3,8938800
2020-10-07,광양항태양광,전남 광양시 도이동 775,2.3,8820000
2020-10-08,광양항태양광,전남 광양시 도이동 775,2.3,8735400
2020-10-09,광양항태양광,전남 광양시 도이동 775,2.3,8521200
2020-10-10,광양항태양광,전남 광양시 도이동 775,2.3,8208000
2020-10-11,광양항태양광,전남 광양시 도이동 775,2.3,8236800
2020-10-12,광양항태양광,전남 광양시 도이동 775,2.3,7867800
2020-10-13,광양항태양광,전남 광양시 도이동 775,2.3,6561000
2020-10-14,광양항태양광,전남 광양시 도이동 775,2.3,5932800
2020-10-15,광양항태양광,전남 광양시 도이동 775,2.3,7018200
2020-10-16,광양항태양광,전남 광양시 도이동 775,2.3,2671200
2020-10-17,광양항태양광,전남 광양시 도이동 775,2.3,7497000
2020-10-18,광양항태양광,전남 광양시 도이동 775,2.3,7369200
2020-10-19,광양항태양광,전남 광양시 도이동 775,2.3,6604200
2020-10-20,광양항태양광,전남 광양시 도이동 775,2.3,7219800
2020-10-21,광양항태양광,전남 광양시 도이동 775,2.3,2059200
2020-10-22,광양항태양광,전남 광양시 도이동 775,2.3,3726000
2020-10-23,광양항태양광,전남 광양시 도이동 775,2.3,8107200
2020-10-24,광양항태양광,전남 광양시 도이동 775,2.3,7891200
2020-10-25,광양항태양광,전남 광양시 도이동 775,2.3,7542000
2020-10-26,광양항태양광,전남 광양시 도이동 775,2.3,6831000
2020-10-27,광양항태양광,전남 광양시 도이동 775,2.3,6192000
2020-10-28,광양항태양광,전남 광양시 도이동 775,2.3,3029400
2020-10-29,광양항태양광,전남 광양시 도이동 775,2.3,6669000
2020-10-30,광양항태양광,전남 광양시 도이동 775,2.3,6807600
2020-10-31,광양항태양광,전남 광양시 도이동 775,2.3,6555600
2020-11-01,광양항태양광,전남 광양시 도이동 775,2.3,1891800
2020-11-02,광양항태양광,전남 광양시 도이동 775,2.3,4419000
2020-11-03,광양항태양광,전남 광양시 도이동 775,2.3,6944400
2020-11-04,광양항태양광,전남 광양시 도이동 775,2.3,6940800
2020-11-05,광양항태양광,전남 광양시 도이동 775,2.3,5239800
2020-11-06,광양항태양광,전남 광양시 도이동 775,2.3,1544400
2020-11-07,광양항태양광,전남 광양시 도이동 775,2.3,4631400
2020-11-08,광양항태양광,전남 광양시 도이동 775,2.3,6112800
2020-11-09,광양항태양광,전남 광양시 도이동 775,2.3,6343200
2020-11-10,광양항태양광,전남 광양시 도이동 775,2.3,6058800
2020-11-11,광양항태양광,전남 광양시 도이동 775,2.3,6040800
2020-11-12,광양항태양광,전남 광양시 도이동 775,2.3,5751000
2020-11-13,광양항태양광,전남 광양시 도이동 775,2.3,5553000
2020-11-14,광양항태양광,전남 광양시 도이동 775,2.3,5029200
2020-11-15,광양항태양광,전남 광양시 도이동 775,2.3,5713200
2020-11-16,광양항태양광,전남 광양시 도이동 775,2.3,5304600
2020-11-17,광양항태양광,전남 광양시 도이동 775,2.3,2998800
2020-11-18,광양항태양광,전남 광양시 도이동 775,2.3,2419200
2020-11-19,광양항태양광,전남 광양시 도이동 775,2.3,1929600
2020-11-20,광양항태양광,전남 광양시 도이동 775,2.3,3792600
2020-11-21,광양항태양광,전남 광양시 도이동 775,2.3,5839200
2020-11-22,광양항태양광,전남 광양시 도이동 775,2.3,1350000
2020-11-23,광양항태양광,전남 광양시 도이동 775,2.3,5824800
2020-11-24,광양항태양광,전남 광양시 도이동 775,2.3,5232600
2020-11-25,광양항태양광,전남 광양시 도이동 775,2.3,5488200
2020-11-26,광양항태양광,전남 광양시 도이동 775,2.3,4440600
2020-11-27,광양항태양광,전남 광양시 도이동 775,2.3,4069800
2020-11-28,광양항태양광,전남 광양시 도이동 775,2.3,4588200
2020-11-29,광양항태양광,전남 광양시 도이동 775,2.3,5324400
2020-11-30,광양항태양광,전남 광양시 도이동 775,2.3,5308200
2020-12-01,광양항태양광,전남 광양시 도이동 775,2.3,5281200
2020-12-02,광양항태양광,전남 광양시 도이동 775,2.3,2352600
2020-12-03,광양항태양광,전남 광양시 도이동 775,2.3,4473000
2020-12-04,광양항태양광,전남 광양시 도이동 775,2.3,4642200
2020-12-05,광양항태양광,전남 광양시 도이동 775,2.3,4444200
2020-12-06,광양항태양광,전남 광양시 도이동 775,2.3,4246200
2020-12-07,광양항태양광,전남 광양시 도이동 775,2.3,2264400
2020-12-08,광양항태양광,전남 광양시 도이동 775,2.3,4323600
2020-12-09,광양항태양광,전남 광양시 도이동 775,2.3,4260600
2020-12-10,광양항태양광,전남 광양시 도이동 775,2.3,1477800
2020-12-11,광양항태양광,전남 광양시 도이동 775,2.3,3155400
2020-12-12,광양항태양광,전남 광양시 도이동 775,2.3,3985200
2020-12-13,광양항태양광,전남 광양시 도이동 775,2.3,2925000
2020-12-14,광양항태양광,전남 광양시 도이동 775,2.3,3576600
2020-12-15,광양항태양광,전남 광양시 도이동 775,2.3,4467600
2020-12-16,광양항태양광,전남 광양시 도이동 775,2.3,4384800
2020-12-17,광양항태양광,전남 광양시 도이동 775,2.3,4433400
2020-12-18,광양항태양광,전남 광양시 도이동 775,2.3,3623400
2020-12-19,광양항태양광,전남 광양시 도이동 775,2.3,4348800
2020-12-20,광양항태양광,전남 광양시 도이동 775,2.3,4046400
2020-12-21,광양항태양광,전남 광양시 도이동 775,2.3,3517200
2020-12-22,광양항태양광,전남 광양시 도이동 775,2.3,2565000
2020-12-23,광양항태양광,전남 광양시 도이동 775,2.3,2480400
2020-12-24,광양항태양광,전남 광양시 도이동 775,2.3,3526200
2020-12-25,광양항태양광,전남 광양시 도이동 775,2.3,3830400
2020-12-26,광양항태양광,전남 광양시 도이동 775,2.3,4050000
2020-12-27,광양항태양광,전남 광양시 도이동 775,2.3,997200
2020-12-28,광양항태양광,전남 광양시 도이동 775,2.3,3799800
2020-12-29,광양항태양광,전남 광양시 도이동 775,2.3,2734200
2020-12-30,광양항태양광,전남 광양시 도이동 775,2.3,4046400
2020-12-31,광양항태양광,전남 광양시 도이동 775,2.3,4744800
2021-01-01,광양항태양광,전남 광양시 도이동 775,2.3,3448800
2021-01-02,광양항태양광,전남 광양시 도이동 775,2.3,4366800
2021-01-03,광양항태양광,전남 광양시 도이동 775,2.3,3598200
2021-01-04,광양항태양광,전남 광양시 도이동 775,2.3,4269600
2021-01-05,광양항태양광,전남 광양시 도이동 775,2.3,2451600
2021-01-06,광양항태양광,전남 광양시 도이동 775,2.3,4226400
2021-01-07,광양항태양광,전남 광양시 도이동 775,2.3,3088800
2021-01-08,광양항태양광,전남 광양시 도이동 775,2.3,4780800
2021-01-09,광양항태양광,전남 광양시 도이동 775,2.3,4689000
2021-01-10,광양항태양광,전남 광양시 도이동 775,2.3,4210200
2021-01-11,광양항태양광,전남 광양시 도이동 775,2.3,2415600
2021-01-12,광양항태양광,전남 광양시 도이동 775,2.3,4289400
2021-01-13,광양항태양광,전남 광양시 도이동 775,2.3,4172400
2021-01-14,광양항태양광,전남 광양시 도이동 775,2.3,4363200
2021-01-15,광양항태양광,전남 광양시 도이동 775,2.3,3735000
2021-01-16,광양항태양광,전남 광양시 도이동 775,2.3,4669200
2021-01-17,광양항태양광,전남 광양시 도이동 775,2.3,5040000
2021-01-18,광양항태양광,전남 광양시 도이동 775,2.3,3006000
2021-01-19,광양항태양광,전남 광양시 도이동 775,2.3,4989600
2021-01-20,광양항태양광,전남 광양시 도이동 775,2.3,4885200
2021-01-21,광양항태양광,전남 광양시 도이동 775,2.3,3009600
2021-01-22,광양항태양광,전남 광양시 도이동 775,2.3,1229400
2021-01-23,광양항태양광,전남 광양시 도이동 775,2.3,981000
2021-01-24,광양항태양광,전남 광양시 도이동 775,2.3,4606200
2021-01-25,광양항태양광,전남 광양시 도이동 775,2.3,5178600
2021-01-26,광양항태양광,전남 광양시 도이동 775,2.3,936000
2021-01-27,광양항태양광,전남 광양시 도이동 775,2.3,5333400
2021-01-28,광양항태양광,전남 광양시 도이동 775,2.3,4275000
2021-01-29,광양항태양광,전남 광양시 도이동 775,2.3,6224400
2021-01-30,광양항태양광,전남 광양시 도이동 775,2.3,4397400
2021-01-31,광양항태양광,전남 광양시 도이동 775,2.3,5250600
2021-02-01,광양항태양광,전남 광양시 도이동 775,2.3,1323000
2021-02-02,광양항태양광,전남 광양시 도이동 775,2.3,6825600
2021-02-03,광양항태양광,전남 광양시 도이동 775,2.3,6678000
2021-02-04,광양항태양광,전남 광양시 도이동 775,2.3,6744600
2021-02-05,광양항태양광,전남 광양시 도이동 775,2.3,4185000
2021-02-06,광양항태양광,전남 광양시 도이동 775,2.3,5941800
2021-02-07,광양항태양광,전남 광양시 도이동 775,2.3,6012000
2021-02-08,광양항태양광,전남 광양시 도이동 775,2.3,6901200
2021-02-09,광양항태양광,전남 광양시 도이동 775,2.3,7007400
2021-02-10,광양항태양광,전남 광양시 도이동 775,2.3,6568200
2021-02-11,광양항태양광,전남 광양시 도이동 775,2.3,3931200
2021-02-12,광양항태양광,전남 광양시 도이동 775,2.3,5900400
2021-02-13,광양항태양광,전남 광양시 도이동 775,2.3,6453000
2021-02-14,광양항태양광,전남 광양시 도이동 775,2.3,3042000
2021-02-15,광양항태양광,전남 광양시 도이동 775,2.3,4759200
2021-02-16,광양항태양광,전남 광양시 도이동 775,2.3,6791400
2021-02-17,광양항태양광,전남 광양시 도이동 775,2.3,5774400
2021-02-18,광양항태양광,전남 광양시 도이동 775,2.3,6071400
2021-02-19,광양항태양광,전남 광양시 도이동 775,2.3,7734600
2021-02-20,광양항태양광,전남 광양시 도이동 775,2.3,6699600
2021-02-21,광양항태양광,전남 광양시 도이동 775,2.3,7455600
2021-02-22,광양항태양광,전남 광양시 도이동 775,2.3,6984000
2021-02-23,광양항태양광,전남 광양시 도이동 775,2.3,6690600
2021-02-24,광양항태양광,전남 광양시 도이동 775,2.3,3936600
2021-02-25,광양항태양광,전남 광양시 도이동 775,2.3,1247400
2021-02-26,광양항태양광,전남 광양시 도이동 775,2.3,6382800
2021-02-27,광양항태양광,전남 광양시 도이동 775,2.3,6980400
2021-02-28,광양항태양광,전남 광양시 도이동 775,2.3,3358800
2021-03-01,광양항태양광,전남 광양시 도이동 775,2.3,388800
2021-03-02,광양항태양광,전남 광양시 도이동 775,2.3,7023600
2021-03-03,광양항태양광,전남 광양시 도이동 775,2.3,8154000
2021-03-04,광양항태양광,전남 광양시 도이동 775,2.3,1045800
2021-03-05,광양항태양광,전남 광양시 도이동 775,2.3,8523000
2021-03-06,광양항태양광,전남 광양시 도이동 775,2.3,5893200
2021-03-07,광양항태양광,전남 광양시 도이동 775,2.3,6325200
2021-03-08,광양항태양광,전남 광양시 도이동 775,2.3,8227800
2021-03-09,광양항태양광,전남 광양시 도이동 775,2.3,7750800
2021-03-10,광양항태양광,전남 광양시 도이동 775,2.3,8449200
2021-03-11,광양항태양광,전남 광양시 도이동 775,2.3,7025400
2021-03-12,광양항태양광,전남 광양시 도이동 775,2.3,1045800
2021-03-13,광양항태양광,전남 광양시 도이동 775,2.3,9030600
2021-03-14,광양항태양광,전남 광양시 도이동 775,2.3,9028800
2021-03-15,광양항태양광,전남 광양시 도이동 775,2.3,7542000
2021-03-16,광양항태양광,전남 광양시 도이동 775,2.3,9151200
2021-03-17,광양항태양광,전남 광양시 도이동 775,2.3,8627400
2021-03-18,광양항태양광,전남 광양시 도이동 775,2.3,9250200
2021-03-19,광양항태양광,전남 광양시 도이동 775,2.3,8429400
2021-03-20,광양항태양광,전남 광양시 도이동 775,2.3,1171800
2021-03-21,광양항태양광,전남 광양시 도이동 775,2.3,8359200
2021-03-22,광양항태양광,전남 광양시 도이동 775,2.3,10396800
2021-03-23,광양항태양광,전남 광양시 도이동 775,2.3,9624600
2021-03-24,광양항태양광,전남 광양시 도이동 775,2.3,6912000
2021-03-25,광양항태양광,전남 광양시 도이동 775,2.3,9756000
2021-03-26,광양항태양광,전남 광양시 도이동 775,2.3,8983800
2021-03-27,광양항태양광,전남 광양시 도이동 775,2.3,1596600
2021-03-28,광양항태양광,전남 광양시 도이동 775,2.3,8334000
2021-03-29,광양항태양광,전남 광양시 도이동 775,2.3,7938000
2021-03-30,광양항태양광,전남 광양시 도이동 775,2.3,8683200
2021-03-31,광양항태양광,전남 광양시 도이동 775,2.3,9244800
2021-04-01,광양항태양광,전남 광양시 도이동 775,2.3,3294000
2021-04-02,광양항태양광,전남 광양시 도이동 775,2.3,4779000
2021-04-03,광양항태양광,전남 광양시 도이동 775,2.3,496800
2021-04-04,광양항태양광,전남 광양시 도이동 775,2.3,964800
2021-04-05,광양항태양광,전남 광양시 도이동 775,2.3,7675200
2021-04-06,광양항태양광,전남 광양시 도이동 775,2.3,9099000
2021-04-07,광양항태양광,전남 광양시 도이동 775,2.3,10749600
2021-04-08,광양항태양광,전남 광양시 도이동 775,2.3,10612800
2021-04-09,광양항태양광,전남 광양시 도이동 775,2.3,9714600
2021-04-10,광양항태양광,전남 광양시 도이동 775,2.3,10161000
2021-04-11,광양항태양광,전남 광양시 도이동 775,2.3,10762200
2021-04-12,광양항태양광,전남 광양시 도이동 775,2.3,1443600
2021-04-13,광양항태양광,전남 광양시 도이동 775,2.3,8713800
2021-04-14,광양항태양광,전남 광양시 도이동 775,2.3,10935000
2021-04-15,광양항태양광,전남 광양시 도이동 775,2.3,9183600
2021-04-16,광양항태양광,전남 광양시 도이동 775,2.3,9313200
2021-04-17,광양항태양광,전남 광양시 도이동 775,2.3,11133000
2021-04-18,광양항태양광,전남 광양시 도이동 775,2.3,11842200
2021-04-19,광양항태양광,전남 광양시 도이동 775,2.3,11764800
2021-04-20,광양항태양광,전남 광양시 도이동 775,2.3,10850400
2021-04-21,광양항태양광,전남 광양시 도이동 775,2.3,9093600
2021-04-22,광양항태양광,전남 광양시 도이동 775,2.3,3992400
2021-04-23,광양항태양광,전남 광양시 도이동 775,2.3,8613000
2021-04-24,광양항태양광,전남 광양시 도이동 775,2.3,11343600
2021-04-25,광양항태양광,전남 광양시 도이동 775,2.3,9964800
2021-04-26,광양항태양광,전남 광양시 도이동 775,2.3,11269800
2021-04-27,광양항태양광,전남 광양시 도이동 775,2.3,5572800
2021-04-28,광양항태양광,전남 광양시 도이동 775,2.3,10117800
2021-04-29,광양항태양광,전남 광양시 도이동 775,2.3,10306800
2021-04-30,광양항태양광,전남 광양시 도이동 775,2.3,12159000
2021-05-01,광양항태양광,전남 광양시 도이동 775,2.3,6692400
2021-05-02,광양항태양광,전남 광양시 도이동 775,2.3,11071800
2021-05-03,광양항태양광,전남 광양시 도이동 775,2.3,12319200
2021-05-04,광양항태양광,전남 광양시 도이동 775,2.3,1393200
2021-05-05,광양항태양광,전남 광양시 도이동 775,2.3,12657600
2021-05-06,광양항태양광,전남 광양시 도이동 775,2.3,8785800
2021-05-07,광양항태양광,전남 광양시 도이동 775,2.3,8712000
2021-05-08,광양항태양광,전남 광양시 도이동 775,2.3,10112400
2021-05-09,광양항태양광,전남 광양시 도이동 775,2.3,10710000
2021-05-10,광양항태양광,전남 광양시 도이동 775,2.3,5949000
2021-05-11,광양항태양광,전남 광양시 도이동 775,2.3,3879000
2021-05-12,광양항태양광,전남 광양시 도이동 775,2.3,8467200
2021-05-13,광양항태양광,전남 광양시 도이동 775,2.3,11066400
2021-05-14,광양항태양광,전남 광양시 도이동 775,2.3,9626400
2021-05-15,광양항태양광,전남 광양시 도이동 775,2.3,2320200
2021-05-16,광양항태양광,전남 광양시 도이동 775,2.3,1387800
2021-05-17,광양항태양광,전남 광양시 도이동 775,2.3,5441400
2021-05-18,광양항태양광,전남 광양시 도이동 775,2.3,8857800
2021-05-19,광양항태양광,전남 광양시 도이동 775,2.3,11464200
2021-05-20,광양항태양광,전남 광양시 도이동 775,2.3,2061000
2021-05-21,광양항태양광,전남 광양시 도이동 775,2.3,8640000
2021-05-22,광양항태양광,전남 광양시 도이동 775,2.3,12965400
2021-05-23,광양항태양광,전남 광양시 도이동 775,2.3,11593800
2021-05-24,광양항태양광,전남 광양시 도이동 775,2.3,10184400
2021-05-25,광양항태양광,전남 광양시 도이동 775,2.3,11122200
2021-05-26,광양항태양광,전남 광양시 도이동 775,2.3,6492600
2021-05-27,광양항태양광,전남 광양시 도이동 775,2.3,7153200
2021-05-28,광양항태양광,전남 광양시 도이동 775,2.3,8929800
2021-05-29,광양항태양광,전남 광양시 도이동 775,2.3,12774600
2021-05-30,광양항태양광,전남 광양시 도이동 775,2.3,12414600
2021-05-31,광양항태양광,전남 광양시 도이동 775,2.3,11991600
2021-06-01,광양항태양광,전남 광양시 도이동 775,2.3,11831400
2021-06-02,광양항태양광,전남 광양시 도이동 775,2.3,8987400
2021-06-03,광양항태양광,전남 광양시 도이동 775,2.3,1242000
2021-06-04,광양항태양광,전남 광양시 도이동 775,2.3,12416400
2021-06-05,광양항태양광,전남 광양시 도이동 775,2.3,11197800
2021-06-06,광양항태양광,전남 광양시 도이동 775,2.3,12124800
2021-06-07,광양항태양광,전남 광양시 도이동 775,2.3,11293200
2021-06-08,광양항태양광,전남 광양시 도이동 775,2.3,11865600
2021-06-09,광양항태양광,전남 광양시 도이동 775,2.3,12510000
2021-06-10,광양항태양광,전남 광양시 도이동 775,2.3,6035400
2021-06-11,광양항태양광,전남 광양시 도이동 775,2.3,4219200
2021-06-12,광양항태양광,전남 광양시 도이동 775,2.3,10294200
2021-06-13,광양항태양광,전남 광양시 도이동 775,2.3,10657800
2021-06-14,광양항태양광,전남 광양시 도이동 775,2.3,4446000
2021-06-15,광양항태양광,전남 광양시 도이동 775,2.3,1031400
2021-06-16,광양항태양광,전남 광양시 도이동 775,2.3,7887600
2021-06-17,광양항태양광,전남 광양시 도이동 775,2.3,7122600
2021-06-18,광양항태양광,전남 광양시 도이동 775,2.3,4905000
2021-06-19,광양항태양광,전남 광양시 도이동 775,2.3,13071600
2021-06-20,광양항태양광,전남 광양시 도이동 775,2.3,11595600
2021-06-21,광양항태양광,전남 광양시 도이동 775,2.3,11975400
2021-06-22,광양항태양광,전남 광양시 도이동 775,2.3,9046800
2021-06-23,광양항태양광,전남 광양시 도이동 775,2.3,7664400
2021-06-24,광양항태양광,전남 광양시 도이동 775,2.3,10362600
2021-06-25,광양항태양광,전남 광양시 도이동 775,2.3,11426400
2021-06-26,광양항태양광,전남 광양시 도이동 775,2.3,9930600
2021-06-27,광양항태양광,전남 광양시 도이동 775,2.3,11705400
2021-06-28,광양항태양광,전남 광양시 도이동 775,2.3,9192600
2021-06-29,광양항태양광,전남 광양시 도이동 775,2.3,9777600
2021-06-30,광양항태양광,전남 광양시 도이동 775,2.3,9419400
2021-07-01,광양항태양광,전남 광양시 도이동 775,2.3,12268800
2021-07-02,광양항태양광,전남 광양시 도이동 775,2.3,9577800
2021-07-03,광양항태양광,전남 광양시 도이동 775,2.3,655200
2021-07-04,광양항태양광,전남 광양시 도이동 775,2.3,7880400
2021-07-05,광양항태양광,전남 광양시 도이동 775,2.3,1429200
2021-07-06,광양항태양광,전남 광양시 도이동 775,2.3,667800
2021-07-07,광양항태양광,전남 광양시 도이동 775,2.3,3805200
2021-07-08,광양항태양광,전남 광양시 도이동 775,2.3,5767200
2021-07-09,광양항태양광,전남 광양시 도이동 775,2.3,7857000
2021-07-10,광양항태양광,전남 광양시 도이동 775,2.3,9091800
2021-07-11,광양항태양광,전남 광양시 도이동 775,2.3,10062000
2021-07-12,광양항태양광,전남 광양시 도이동 775,2.3,11428200
2021-07-13,광양항태양광,전남 광양시 도이동 775,2.3,11818800
2021-07-14,광양항태양광,전남 광양시 도이동 775,2.3,11127600
2021-07-15,광양항태양광,전남 광양시 도이동 775,2.3,10805400
2021-07-16,광양항태양광,전남 광양시 도이동 775,2.3,7864200
2021-07-17,광양항태양광,전남 광양시 도이동 775,2.3,8128800
2021-07-18,광양항태양광,전남 광양시 도이동 775,2.3,7921800
2021-07-19,광양항태양광,전남 광양시 도이동 775,2.3,9291600
2021-07-20,광양항태양광,전남 광양시 도이동 775,2.3,5634000
2021-07-21,광양항태양광,전남 광양시 도이동 775,2.3,8074800
2021-07-22,광양항태양광,전남 광양시 도이동 775,2.3,8946000
2021-07-23,광양항태양광,전남 광양시 도이동 775,2.3,10702800
2021-07-24,광양항태양광,전남 광양시 도이동 775,2.3,9234000
2021-07-25,광양항태양광,전남 광양시 도이동 775,2.3,10468800
2021-07-26,광양항태양광,전남 광양시 도이동 775,2.3,9293400
2021-07-27,광양항태양광,전남 광양시 도이동 775,2.3,11869200
2021-07-28,광양항태양광,전남 광양시 도이동 775,2.3,11457000
2021-07-29,광양항태양광,전남 광양시 도이동 775,2.3,10630800
2021-07-30,광양항태양광,전남 광양시 도이동 775,2.3,11676600
2021-07-31,광양항태양광,전남 광양시 도이동 775,2.3,10519200
2021-08-01,광양항태양광,전남 광양시 도이동 775,2.3,10360800
2021-08-02,광양항태양광,전남 광양시 도이동 775,2.3,8836200
2021-08-03,광양항태양광,전남 광양시 도이동 775,2.3,6820200
2021-08-04,광양항태양광,전남 광양시 도이동 775,2.3,11849400
2021-08-05,광양항태양광,전남 광양시 도이동 775,2.3,11401200
2021-08-06,광양항태양광,전남 광양시 도이동 775,2.3,11638800
2021-08-07,광양항태양광,전남 광양시 도이동 775,2.3,11358000
2021-08-08,광양항태양광,전남 광양시 도이동 775,2.3,4213800
2021-08-09,광양항태양광,전남 광양시 도이동 775,2.3,9482400
2021-08-10,광양항태양광,전남 광양시 도이동 775,2.3,9300600
2021-08-11,광양항태양광,전남 광양시 도이동 775,2.3,8622000
2021-08-12,광양항태양광,전남 광양시 도이동 775,2.3,7452000
2021-08-13,광양항태양광,전남 광양시 도이동 775,2.3,3816000
2021-08-14,광양항태양광,전남 광양시 도이동 775,2.3,5180400
2021-08-15,광양항태양광,전남 광양시 도이동 775,2.3,10668600
2021-08-16,광양항태양광,전남 광양시 도이동 775,2.3,7396200
2021-08-17,광양항태양광,전남 광양시 도이동 775,2.3,8130600
2021-08-18,광양항태양광,전남 광양시 도이동 775,2.3,10785600
2021-08-19,광양항태양광,전남 광양시 도이동 775,2.3,10445400
2021-08-20,광양항태양광,전남 광양시 도이동 775,2.3,9862200
2021-08-21,광양항태양광,전남 광양시 도이동 775,2.3,462600
2021-08-22,광양항태양광,전남 광양시 도이동 775,2.3,9181800
2021-08-23,광양항태양광,전남 광양시 도이동 775,2.3,2381400
2021-08-24,광양항태양광,전남 광양시 도이동 775,2.3,2863800
2021-08-25,광양항태양광,전남 광양시 도이동 775,2.3,2091600
2021-08-26,광양항태양광,전남 광양시 도이동 775,2.3,10755000
2021-08-27,광양항태양광,전남 광양시 도이동 775,2.3,7675200
2021-08-28,광양항태양광,전남 광양시 도이동 775,2.3,8262000
2021-08-29,광양항태양광,전남 광양시 도이동 775,2.3,3785400
2021-08-30,광양항태양광,전남 광양시 도이동 775,2.3,7126200
2021-08-31,광양항태양광,전남 광양시 도이동 775,2.3,9270000
2021-09-01,광양항태양광,전남 광양시 도이동 775,2.3,3425400
2021-09-02,광양항태양광,전남 광양시 도이동 775,2.3,2651400
2021-09-03,광양항태양광,전남 광양시 도이동 775,2.3,6370200
2021-09-04,광양항태양광,전남 광양시 도이동 775,2.3,6811200
2021-09-05,광양항태양광,전남 광양시 도이동 775,2.3,3274200
2021-09-06,광양항태양광,전남 광양시 도이동 775,2.3,1513800
2021-09-07,광양항태양광,전남 광양시 도이동 775,2.3,2557800
2021-09-08,광양항태양광,전남 광양시 도이동 775,2.3,8654400
2021-09-09,광양항태양광,전남 광양시 도이동 775,2.3,8384400
2021-09-10,광양항태양광,전남 광양시 도이동 775,2.3,2469600
2021-09-11,광양항태양광,전남 광양시 도이동 775,2.3,10126800
2021-09-12,광양항태양광,전남 광양시 도이동 775,2.3,8314200
2021-09-13,광양항태양광,전남 광양시 도이동 775,2.3,4532400
2021-09-14,광양항태양광,전남 광양시 도이동 775,2.3,2633400
2021-09-15,광양항태양광,전남 광양시 도이동 775,2.3,7725600
2021-09-16,광양항태양광,전남 광양시 도이동 775,2.3,2421000
2021-09-17,광양항태양광,전남 광양시 도이동 775,2.3,4224600
2021-09-18,광양항태양광,전남 광양시 도이동 775,2.3,7475400
2021-09-19,광양항태양광,전남 광양시 도이동 775,2.3,9777600
2021-09-20,광양항태양광,전남 광양시 도이동 775,2.3,5130000
2021-09-21,광양항태양광,전남 광양시 도이동 775,2.3,4635000
2021-09-22,광양항태양광,전남 광양시 도이동 775,2.3,8256600
2021-09-23,광양항태양광,전남 광양시 도이동 775,2.3,9019800
2021-09-24,광양항태양광,전남 광양시 도이동 775,2.3,9122400
2021-09-25,광양항태양광,전남 광양시 도이동 775,2.3,5052600
2021-09-26,광양항태양광,전남 광양시 도이동 775,2.3,5886000
2021-09-27,광양항태양광,전남 광양시 도이동 775,2.3,8488800
2021-09-28,광양항태양광,전남 광양시 도이동 775,2.3,3646800
2021-09-29,광양항태양광,전남 광양시 도이동 775,2.3,2559600
2021-09-30,광양항태양광,전남 광양시 도이동 775,2.3,6244200
2021-10-01,광양항태양광,전남 광양시 도이동 775,2.3,8899200
2021-10-02,광양항태양광,전남 광양시 도이동 775,2.3,8780400
2021-10-03,광양항태양광,전남 광양시 도이동 775,2.3,8605800
2021-10-04,광양항태양광,전남 광양시 도이동 775,2.3,7491600
2021-10-05,광양항태양광,전남 광양시 도이동 775,2.3,8454600
2021-10-06,광양항태양광,전남 광양시 도이동 775,2.3,0
2021-10-07,광양항태양광,전남 광양시 도이동 775,2.3,0
2021-10-08,광양항태양광,전남 광양시 도이동 775,2.3,0
2021-10-09,광양항태양광,전남 광양시 도이동 775,2.3,0
2021-10-10,광양항태양광,전남 광양시 도이동 775,2.3,0
2021-10-11,광양항태양광,전남 광양시 도이동 775,2.3,0
2021-10-12,광양항태양광,전남 광양시 도이동 775,2.3,0
2021-10-13,광양항태양광,전남 광양시 도이동 775,2.3,4051800
2021-10-14,광양항태양광,전남 광양시 도이동 775,2.3,7306200
2021-10-15,광양항태양광,전남 광양시 도이동 775,2.3,6330600
2021-10-16,광양항태양광,전남 광양시 도이동 775,2.3,2320200
2021-10-17,광양항태양광,전남 광양시 도이동 775,2.3,8512200
2021-10-18,광양항태양광,전남 광양시 도이동 775,2.3,8285400
2021-10-19,광양항태양광,전남 광양시 도이동 775,2.3,7351200
2021-10-20,광양항태양광,전남 광양시 도이동 775,2.3,5875200
2021-10-21,광양항태양광,전남 광양시 도이동 775,2.3,6669000
2021-10-22,광양항태양광,전남 광양시 도이동 775,2.3,7902000
2021-10-23,광양항태양광,전남 광양시 도이동 775,2.3,7774200
2021-10-24,광양항태양광,전남 광양시 도이동 775,2.3,5914800
2021-10-25,광양항태양광,전남 광양시 도이동 775,2.3,7356600
2021-10-26,광양항태양광,전남 광양시 도이동 775,2.3,6996600
2021-10-27,광양항태양광,전남 광양시 도이동 775,2.3,6564600
2021-10-28,광양항태양광,전남 광양시 도이동 775,2.3,7218000
2021-10-29,광양항태양광,전남 광양시 도이동 775,2.3,6759000
2021-10-30,광양항태양광,전남 광양시 도이동 775,2.3,3618000
2021-10-31,광양항태양광,전남 광양시 도이동 775,2.3,6694200
2021-11-01,광양항태양광,전남 광양시 도이동 775,2.3,5839200
2021-11-02,광양항태양광,전남 광양시 도이동 775,2.3,6463800
2021-11-03,광양항태양광,전남 광양시 도이동 775,2.3,6339600
2021-11-04,광양항태양광,전남 광양시 도이동 775,2.3,6129000
2021-11-05,광양항태양광,전남 광양시 도이동 775,2.3,4775400
2021-11-06,광양항태양광,전남 광양시 도이동 775,2.3,5266800
2021-11-07,광양항태양광,전남 광양시 도이동 775,2.3,6076800
2021-11-08,광양항태양광,전남 광양시 도이동 775,2.3,1728000
2021-11-09,광양항태양광,전남 광양시 도이동 775,2.3,4530600
2021-11-10,광양항태양광,전남 광양시 도이동 775,2.3,3439800
2021-11-11,광양항태양광,전남 광양시 도이동 775,2.3,4042800
2021-11-12,광양항태양광,전남 광양시 도이동 775,2.3,4114800
2021-11-13,광양항태양광,전남 광양시 도이동 775,2.3,5706000
2021-11-14,광양항태양광,전남 광양시 도이동 775,2.3,4937400
2021-11-15,광양항태양광,전남 광양시 도이동 775,2.3,5495400
2021-11-16,광양항태양광,전남 광양시 도이동 775,2.3,4555800
2021-11-17,광양항태양광,전남 광양시 도이동 775,2.3,5625000
2021-11-18,광양항태양광,전남 광양시 도이동 775,2.3,5450400
2021-11-19,광양항태양광,전남 광양시 도이동 775,2.3,5634000
2021-11-20,광양항태양광,전남 광양시 도이동 775,2.3,5099400
2021-11-21,광양항태양광,전남 광양시 도이동 775,2.3,2545200
2021-11-22,광양항태양광,전남 광양시 도이동 775,2.3,3958200
2021-11-23,광양항태양광,전남 광양시 도이동 775,2.3,3699000
2021-11-24,광양항태양광,전남 광양시 도이동 775,2.3,3870000
2021-11-25,광양항태양광,전남 광양시 도이동 775,2.3,4750200
2021-11-26,광양항태양광,전남 광양시 도이동 775,2.3,5463000
2021-11-27,광양항태양광,전남 광양시 도이동 775,2.3,5310000
2021-11-28,광양항태양광,전남 광양시 도이동 775,2.3,5284800
2021-11-29,광양항태양광,전남 광양시 도이동 775,2.3,5176800
2021-11-30,광양항태양광,전남 광양시 도이동 775,2.3,988200
2021-12-01,광양항태양광,전남 광양시 도이동 775,2.3,3636000
2021-12-02,광양항태양광,전남 광양시 도이동 775,2.3,4881600
2021-12-03,광양항태양광,전남 광양시 도이동 775,2.3,2921400
2021-12-04,광양항태양광,전남 광양시 도이동 775,2.3,2647800
2021-12-05,광양항태양광,전남 광양시 도이동 775,2.3,3110400
2021-12-06,광양항태양광,전남 광양시 도이동 775,2.3,3781800
2021-12-07,광양항태양광,전남 광양시 도이동 775,2.3,3902400
2021-12-08,광양항태양광,전남 광양시 도이동 775,2.3,3942000
2021-12-09,광양항태양광,전남 광양시 도이동 775,2.3,3310200
2021-12-10,광양항태양광,전남 광양시 도이동 775,2.3,3452400
2021-12-11,광양항태양광,전남 광양시 도이동 775,2.3,4572000
2021-12-12,광양항태양광,전남 광양시 도이동 775,2.3,2761200
2021-12-13,광양항태양광,전남 광양시 도이동 775,2.3,5142600
2021-12-14,광양항태양광,전남 광양시 도이동 775,2.3,4564800
2021-12-15,광양항태양광,전남 광양시 도이동 775,2.3,3416400
2021-12-16,광양항태양광,전남 광양시 도이동 775,2.3,1848600
2021-12-17,광양항태양광,전남 광양시 도이동 775,2.3,3774600
2021-12-18,광양항태양광,전남 광양시 도이동 775,2.3,5020200
2021-12-19,광양항태양광,전남 광양시 도이동 775,2.3,4352400
2021-12-20,광양항태양광,전남 광양시 도이동 775,2.3,4505400
2021-12-21,광양항태양광,전남 광양시 도이동 775,2.3,4188600
2021-12-22,광양항태양광,전남 광양시 도이동 775,2.3,4827600
2021-12-23,광양항태양광,전남 광양시 도이동 775,2.3,4575600
2021-12-24,광양항태양광,전남 광양시 도이동 775,2.3,2552400
2021-12-25,광양항태양광,전남 광양시 도이동 775,2.3,5155200
2021-12-26,광양항태양광,전남 광양시 도이동 775,2.3,5209200
2021-12-27,광양항태양광,전남 광양시 도이동 775,2.3,4786200
2021-12-28,광양항태양광,전남 광양시 도이동 775,2.3,1339200
2021-12-29,광양항태양광,전남 광양시 도이동 775,2.3,3832200
2021-12-30,광양항태양광,전남 광양시 도이동 775,2.3,4903200
2021-12-31,광양항태양광,전남 광양시 도이동 775,2.3,5063400
2022-01-01,광양항태양광,전남 광양시 도이동 775,2.3,5050800
2022-01-02,광양항태양광,전남 광양시 도이동 775,2.3,4413600
2022-01-03,광양항태양광,전남 광양시 도이동 775,2.3,5097600
2022-01-04,광양항태양광,전남 광양시 도이동 775,2.3,4843800
2022-01-05,광양항태양광,전남 광양시 도이동 775,2.3,1688400
2022-01-06,광양항태양광,전남 광양시 도이동 775,2.3,5160600
2022-01-07,광양항태양광,전남 광양시 도이동 775,2.3,5081400
2022-01-08,광양항태양광,전남 광양시 도이동 775,2.3,5119200
2022-01-09,광양항태양광,전남 광양시 도이동 775,2.3,3724200
2022-01-10,광양항태양광,전남 광양시 도이동 775,2.3,4422600
2022-01-11,광양항태양광,전남 광양시 도이동 775,2.3,5162400
2022-01-12,광양항태양광,전남 광양시 도이동 775,2.3,5499000
2022-01-13,광양항태양광,전남 광양시 도이동 775,2.3,5184000
2022-01-14,광양항태양광,전남 광양시 도이동 775,2.3,5508000
2022-01-15,광양항태양광,전남 광양시 도이동 775,2.3,5072400
2022-01-16,광양항태양광,전남 광양시 도이동 775,2.3,4939200
2022-01-17,광양항태양광,전남 광양시 도이동 775,2.3,4701600
2022-01-18,광양항태양광,전남 광양시 도이동 775,2.3,5565600
2022-01-19,광양항태양광,전남 광양시 도이동 775,2.3,5007600
2022-01-20,광양항태양광,전남 광양시 도이동 775,2.3,5423400
2022-01-21,광양항태양광,전남 광양시 도이동 775,2.3,5202000
2022-01-22,광양항태양광,전남 광양시 도이동 775,2.3,4203000
2022-01-23,광양항태양광,전남 광양시 도이동 775,2.3,2961000
2022-01-24,광양항태양광,전남 광양시 도이동 775,2.3,3976200
2022-01-25,광양항태양광,전남 광양시 도이동 775,2.3,1332000
2022-01-26,광양항태양광,전남 광양시 도이동 775,2.3,5180400
2022-01-27,광양항태양광,전남 광양시 도이동 775,2.3,5112000
2022-01-28,광양항태양광,전남 광양시 도이동 775,2.3,5803200
2022-01-29,광양항태양광,전남 광양시 도이동 775,2.3,4676400
2022-01-30,광양항태양광,전남 광양시 도이동 775,2.3,4892400
2022-01-31,광양항태양광,전남 광양시 도이동 775,2.3,5956200
2022-02-01,광양항태양광,전남 광양시 도이동 775,2.3,4687200
2022-02-02,광양항태양광,전남 광양시 도이동 775,2.3,4483800
2022-02-03,광양항태양광,전남 광양시 도이동 775,2.3,6118200
2022-02-04,광양항태양광,전남 광양시 도이동 775,2.3,5880600
2022-02-05,광양항태양광,전남 광양시 도이동 775,2.3,6022800
2022-02-06,광양항태양광,전남 광양시 도이동 775,2.3,5067000
2022-02-07,광양항태양광,전남 광양시 도이동 775,2.3,2935800
2022-02-08,광양항태양광,전남 광양시 도이동 775,2.3,6062400
2022-02-09,광양항태양광,전남 광양시 도이동 775,2.3,4987800
2022-02-10,광양항태양광,전남 광양시 도이동 775,2.3,6258600
2022-02-11,광양항태양광,전남 광양시 도이동 775,2.3,6337800
2022-02-12,광양항태양광,전남 광양시 도이동 775,2.3,5990400
2022-02-13,광양항태양광,전남 광양시 도이동 775,2.3,4955400
2022-02-14,광양항태양광,전남 광양시 도이동 775,2.3,4212000
2022-02-15,광양항태양광,전남 광양시 도이동 775,2.3,6521400
2022-02-16,광양항태양광,전남 광양시 도이동 775,2.3,5605200
2022-02-17,광양항태양광,전남 광양시 도이동 775,2.3,6606000
2022-02-18,광양항태양광,전남 광양시 도이동 775,2.3,6742800
2022-02-19,광양항태양광,전남 광양시 도이동 775,2.3,3843000
2022-02-20,광양항태양광,전남 광양시 도이동 775,2.3,7412400
2022-02-21,광양항태양광,전남 광양시 도이동 775,2.3,1994400
2022-02-22,광양항태양광,전남 광양시 도이동 775,2.3,6998400
2022-02-23,광양항태양광,전남 광양시 도이동 775,2.3,6264000
2022-02-24,광양항태양광,전남 광양시 도이동 775,2.3,4676400
2022-02-25,광양항태양광,전남 광양시 도이동 775,2.3,7311600
2022-02-26,광양항태양광,전남 광양시 도이동 775,2.3,7074000
2022-02-27,광양항태양광,전남 광양시 도이동 775,2.3,7745400
2022-02-28,광양항태양광,전남 광양시 도이동 775,2.3,5653800
2022-03-01,광양항태양광,전남 광양시 도이동 775,2.3,5632200
2022-03-02,광양항태양광,전남 광양시 도이동 775,2.3,8749800
2022-03-03,광양항태양광,전남 광양시 도이동 775,2.3,8341200
2022-03-04,광양항태양광,전남 광양시 도이동 775,2.3,5902200
2022-03-05,광양항태양광,전남 광양시 도이동 775,2.3,8694000
2022-03-06,광양항태양광,전남 광양시 도이동 775,2.3,9064800
2022-03-07,광양항태양광,전남 광양시 도이동 775,2.3,6942600
2022-03-08,광양항태양광,전남 광양시 도이동 775,2.3,8332200
2022-03-09,광양항태양광,전남 광양시 도이동 775,2.3,8328600
2022-03-10,광양항태양광,전남 광양시 도이동 775,2.3,7149600
2022-03-11,광양항태양광,전남 광양시 도이동 775,2.3,3880800
2022-03-12,광양항태양광,전남 광양시 도이동 775,2.3,7668000
2022-03-13,광양항태양광,전남 광양시 도이동 775,2.3,669600
2022-03-14,광양항태양광,전남 광양시 도이동 775,2.3,657000
2022-03-15,광양항태양광,전남 광양시 도이동 775,2.3,8526600
2022-03-16,광양항태양광,전남 광양시 도이동 775,2.3,9158400
2022-03-17,광양항태양광,전남 광양시 도이동 775,2.3,2138400
2022-03-18,광양항태양광,전남 광양시 도이동 775,2.3,4606200
2022-03-19,광양항태양광,전남 광양시 도이동 775,2.3,5351400
2022-03-20,광양항태양광,전남 광양시 도이동 775,2.3,7948800
2022-03-21,광양항태양광,전남 광양시 도이동 775,2.3,6825600
2022-03-22,광양항태양광,전남 광양시 도이동 775,2.3,8566200
2022-03-23,광양항태양광,전남 광양시 도이동 775,2.3,5679000
2022-03-24,광양항태양광,전남 광양시 도이동 775,2.3,9082800
2022-03-25,광양항태양광,전남 광양시 도이동 775,2.3,2806200
2022-03-26,광양항태양광,전남 광양시 도이동 775,2.3,6514200
2022-03-27,광양항태양광,전남 광양시 도이동 775,2.3,9417600
2022-03-28,광양항태양광,전남 광양시 도이동 775,2.3,8292600
2022-03-29,광양항태양광,전남 광양시 도이동 775,2.3,10213200
2022-03-30,광양항태양광,전남 광양시 도이동 775,2.3,6498000
2022-03-31,광양항태양광,전남 광양시 도이동 775,2.3,6886800
2022-04-01,광양항태양광,전남 광양시 도이동 775,2.3,9574200
2022-04-02,광양항태양광,전남 광양시 도이동 775,2.3,10515600
2022-04-03,광양항태양광,전남 광양시 도이동 775,2.3,10413000
2022-04-04,광양항태양광,전남 광양시 도이동 775,2.3,10461600
2022-04-05,광양항태양광,전남 광양시 도이동 775,2.3,8658000
2022-04-06,광양항태양광,전남 광양시 도이동 775,2.3,10062000
2022-04-07,광양항태양광,전남 광양시 도이동 775,2.3,9324000
2022-04-08,광양항태양광,전남 광양시 도이동 775,2.3,10566000
2022-04-09,광양항태양광,전남 광양시 도이동 775,2.3,10323000
2022-04-10,광양항태양광,전남 광양시 도이동 775,2.3,10495800
2022-04-11,광양항태양광,전남 광양시 도이동 775,2.3,4131000
2022-04-12,광양항태양광,전남 광양시 도이동 775,2.3,9984600
2022-04-13,광양항태양광,전남 광양시 도이동 775,2.3,2624400
2022-04-14,광양항태양광,전남 광양시 도이동 775,2.3,6523200
2022-04-15,광양항태양광,전남 광양시 도이동 775,2.3,10411200
2022-04-16,광양항태양광,전남 광양시 도이동 775,2.3,10675800
2022-04-17,광양항태양광,전남 광양시 도이동 775,2.3,11097000
2022-04-18,광양항태양광,전남 광양시 도이동 775,2.3,8226000
2022-04-19,광양항태양광,전남 광양시 도이동 775,2.3,10668600
2022-04-20,광양항태양광,전남 광양시 도이동 775,2.3,10728000
2022-04-21,광양항태양광,전남 광양시 도이동 775,2.3,3335400
2022-04-22,광양항태양광,전남 광양시 도이동 775,2.3,11350800
2022-04-23,광양항태양광,전남 광양시 도이동 775,2.3,6665400
2022-04-24,광양항태양광,전남 광양시 도이동 775,2.3,11140200
2022-04-25,광양항태양광,전남 광양시 도이동 775,2.3,8456400
2022-04-26,광양항태양광,전남 광양시 도이동 775,2.3,1283400
2022-04-27,광양항태양광,전남 광양시 도이동 775,2.3,10600200
2022-04-28,광양항태양광,전남 광양시 도이동 775,2.3,10155600
2022-04-29,광양항태양광,전남 광양시 도이동 775,2.3,4339800
2022-04-30,광양항태양광,전남 광양시 도이동 775,2.3,7713000
2022-05-01,광양항태양광,전남 광양시 도이동 775,2.3,12402000
2022-05-02,광양항태양광,전남 광양시 도이동 775,2.3,10580400
2022-05-03,광양항태양광,전남 광양시 도이동 775,2.3,12198600
2022-05-04,광양항태양광,전남 광양시 도이동 775,2.3,12290400
2022-05-05,광양항태양광,전남 광양시 도이동 775,2.3,12362400
2022-05-06,광양항태양광,전남 광양시 도이동 775,2.3,12103200
2022-05-07,광양항태양광,전남 광양시 도이동 775,2.3,11741400
2022-05-08,광양항태양광,전남 광양시 도이동 775,2.3,10575000
2022-05-09,광양항태양광,전남 광양시 도이동 775,2.3,8960400
2022-05-10,광양항태양광,전남 광양시 도이동 775,2.3,8854200
2022-05-11,광양항태양광,전남 광양시 도이동 775,2.3,6733800
2022-05-12,광양항태양광,전남 광양시 도이동 775,2.3,6627600
2022-05-13,광양항태양광,전남 광양시 도이동 775,2.3,1306800
2022-05-14,광양항태양광,전남 광양시 도이동 775,2.3,11795400
2022-05-15,광양항태양광,전남 광양시 도이동 775,2.3,11948400
2022-05-16,광양항태양광,전남 광양시 도이동 775,2.3,12465000
2022-05-17,광양항태양광,전남 광양시 도이동 775,2.3,11314800
2022-05-18,광양항태양광,전남 광양시 도이동 775,2.3,11757600
2022-05-19,광양항태양광,전남 광양시 도이동 775,2.3,7443000
2022-05-20,광양항태양광,전남 광양시 도이동 775,2.3,6870600
2022-05-21,광양항태양광,전남 광양시 도이동 775,2.3,12042000
2022-05-22,광양항태양광,전남 광양시 도이동 775,2.3,11961000
2022-05-23,광양항태양광,전남 광양시 도이동 775,2.3,10261800
2022-05-24,광양항태양광,전남 광양시 도이동 775,2.3,11255400
2022-05-25,광양항태양광,전남 광양시 도이동 775,2.3,11273400
2022-05-26,광양항태양광,전남 광양시 도이동 775,2.3,11484000
2022-05-27,광양항태양광,전남 광양시 도이동 775,2.3,11431800
2022-05-28,광양항태양광,전남 광양시 도이동 775,2.3,9300600
2022-05-29,광양항태양광,전남 광양시 도이동 775,2.3,11898000
2022-05-30,광양항태양광,전남 광양시 도이동 775,2.3,6516000
2022-05-31,광양항태양광,전남 광양시 도이동 775,2.3,12963600
2022-06-01,광양항태양광,전남 광양시 도이동 775,2.3,11503800
2022-06-02,광양항태양광,전남 광양시 도이동 775,2.3,12717000
2022-06-03,광양항태양광,전남 광양시 도이동 775,2.3,12040200
2022-06-04,광양항태양광,전남 광양시 도이동 775,2.3,10438200
2022-06-05,광양항태양광,전남 광양시 도이동 775,2.3,1296000
2022-06-06,광양항태양광,전남 광양시 도이동 775,2.3,9205200
2022-06-07,광양항태양광,전남 광양시 도이동 775,2.3,5365800
2022-06-08,광양항태양광,전남 광양시 도이동 775,2.3,5234400
2022-06-09,광양항태양광,전남 광양시 도이동 775,2.3,11289600
2022-06-10,광양항태양광,전남 광양시 도이동 775,2.3,9511200
2022-06-11,광양항태양광,전남 광양시 도이동 775,2.3,9871200
2022-06-12,광양항태양광,전남 광양시 도이동 775,2.3,10420200
2022-06-13,광양항태양광,전남 광양시 도이동 775,2.3,4483800
2022-06-14,광양항태양광,전남 광양시 도이동 775,2.3,4681800
2022-06-15,광양항태양광,전남 광양시 도이동 775,2.3,8971200
2022-06-16,광양항태양광,전남 광양시 도이동 775,2.3,11035800
2022-06-17,광양항태양광,전남 광양시 도이동 775,2.3,10027800
2022-06-18,광양항태양광,전남 광양시 도이동 775,2.3,12515400
2022-06-19,광양항태양광,전남 광양시 도이동 775,2.3,12180600
2022-06-20,광양항태양광,전남 광양시 도이동 775,2.3,9271800
2022-06-21,광양항태양광,전남 광양시 도이동 775,2.3,12038400
2022-06-22,광양항태양광,전남 광양시 도이동 775,2.3,12268800
2022-06-23,광양항태양광,전남 광양시 도이동 775,2.3,3472200
2022-06-24,광양항태양광,전남 광양시 도이동 775,2.3,7120800
2022-06-25,광양항태양광,전남 광양시 도이동 775,2.3,7048800
2022-06-26,광양항태양광,전남 광양시 도이동 775,2.3,5675400
2022-06-27,광양항태양광,전남 광양시 도이동 775,2.3,2307600
2022-06-28,광양항태양광,전남 광양시 도이동 775,2.3,4208400
2022-06-29,광양항태양광,전남 광양시 도이동 775,2.3,6431400
2022-06-30,광양항태양광,전남 광양시 도이동 775,2.3,12691800
2022-07-01,광양항태양광,전남 광양시 도이동 775,2.3,12756600
2022-07-02,광양항태양광,전남 광양시 도이동 775,2.3,12418200
2022-07-03,광양항태양광,전남 광양시 도이동 775,2.3,11039400
2022-07-04,광양항태양광,전남 광양시 도이동 775,2.3,8578800
2022-07-05,광양항태양광,전남 광양시 도이동 775,2.3,10789200
2022-07-06,광양항태양광,전남 광양시 도이동 775,2.3,10585800
2022-07-07,광양항태양광,전남 광양시 도이동 775,2.3,8949600
2022-07-08,광양항태양광,전남 광양시 도이동 775,2.3,5013000
2022-07-09,광양항태양광,전남 광양시 도이동 775,2.3,11062800
2022-07-10,광양항태양광,전남 광양시 도이동 775,2.3,11091600
2022-07-11,광양항태양광,전남 광양시 도이동 775,2.3,6397200
2022-07-12,광양항태양광,전남 광양시 도이동 775,2.3,4858200
2022-07-13,광양항태양광,전남 광양시 도이동 775,2.3,3088800
2022-07-14,광양항태양광,전남 광양시 도이동 775,2.3,9770400
2022-07-15,광양항태양광,전남 광양시 도이동 775,2.3,11325600
2022-07-16,광양항태양광,전남 광양시 도이동 775,2.3,11167200
2022-07-17,광양항태양광,전남 광양시 도이동 775,2.3,6850800
2022-07-18,광양항태양광,전남 광양시 도이동 775,2.3,777600
2022-07-19,광양항태양광,전남 광양시 도이동 775,2.3,12686400
2022-07-20,광양항태양광,전남 광양시 도이동 775,2.3,11066400
2022-07-21,광양항태양광,전남 광양시 도이동 775,2.3,10288800
2022-07-22,광양항태양광,전남 광양시 도이동 775,2.3,10303200
2022-07-23,광양항태양광,전남 광양시 도이동 775,2.3,6769800
2022-07-24,광양항태양광,전남 광양시 도이동 775,2.3,8155800
2022-07-25,광양항태양광,전남 광양시 도이동 775,2.3,11437200
2022-07-26,광양항태양광,전남 광양시 도이동 775,2.3,7567200
2022-07-27,광양항태양광,전남 광양시 도이동 775,2.3,9968400
2022-07-28,광양항태양광,전남 광양시 도이동 775,2.3,9160200
2022-07-29,광양항태양광,전남 광양시 도이동 775,2.3,9824400
2022-07-30,광양항태양광,전남 광양시 도이동 775,2.3,3272400
2022-07-31,광양항태양광,전남 광양시 도이동 775,2.3,1045800
2022-08-01,광양항태양광,전남 광양시 도이동 775,2.3,2453400
2022-08-02,광양항태양광,전남 광양시 도이동 775,2.3,5477400
2022-08-03,광양항태양광,전남 광양시 도이동 775,2.3,6472800
2022-08-04,광양항태양광,전남 광양시 도이동 775,2.3,9279000
2022-08-05,광양항태양광,전남 광양시 도이동 775,2.3,7761600
2022-08-06,광양항태양광,전남 광양시 도이동 775,2.3,10854000
2022-08-07,광양항태양광,전남 광양시 도이동 775,2.3,10746000
2022-08-08,광양항태양광,전남 광양시 도이동 775,2.3,8703000
2022-08-09,광양항태양광,전남 광양시 도이동 775,2.3,7705800
2022-08-10,광양항태양광,전남 광양시 도이동 775,2.3,5828400
2022-08-11,광양항태양광,전남 광양시 도이동 775,2.3,2352600
2022-08-12,광양항태양광,전남 광양시 도이동 775,2.3,7156800
2022-08-13,광양항태양광,전남 광양시 도이동 775,2.3,9081000
2022-08-14,광양항태양광,전남 광양시 도이동 775,2.3,10686600
2022-08-15,광양항태양광,전남 광양시 도이동 775,2.3,8895600
2022-08-16,광양항태양광,전남 광양시 도이동 775,2.3,2012400
2022-08-17,광양항태양광,전남 광양시 도이동 775,2.3,4442400
2022-08-18,광양항태양광,전남 광양시 도이동 775,2.3,11712600
2022-08-19,광양항태양광,전남 광양시 도이동 775,2.3,7876800
2022-08-20,광양항태양광,전남 광양시 도이동 775,2.3,3121200
2022-08-21,광양항태양광,전남 광양시 도이동 775,2.3,7671600
2022-08-22,광양항태양광,전남 광양시 도이동 775,2.3,11084400
2022-08-23,광양항태양광,전남 광양시 도이동 775,2.3,5059800
2022-08-24,광양항태양광,전남 광양시 도이동 775,2.3,4341600
2022-08-25,광양항태양광,전남 광양시 도이동 775,2.3,9167400
2022-08-26,광양항태양광,전남 광양시 도이동 775,2.3,10686600
2022-08-27,광양항태양광,전남 광양시 도이동 775,2.3,9185400
2022-08-28,광양항태양광,전남 광양시 도이동 775,2.3,9878400
2022-08-29,광양항태양광,전남 광양시 도이동 775,2.3,6597000
2022-08-30,광양항태양광,전남 광양시 도이동 775,2.3,1616400
2022-08-31,광양항태양광,전남 광양시 도이동 775,2.3,4863600
2022-09-01,광양항태양광,전남 광양시 도이동 775,2.3,3781800
2022-09-02,광양항태양광,전남 광양시 도이동 775,2.3,783000
2022-09-03,광양항태양광,전남 광양시 도이동 775,2.3,5135400
2022-09-04,광양항태양광,전남 광양시 도이동 775,2.3,8357400
2022-09-05,광양항태양광,전남 광양시 도이동 775,2.3,946800
2022-09-06,광양항태양광,전남 광양시 도이동 775,2.3,1402200
2022-09-07,광양항태양광,전남 광양시 도이동 775,2.3,9840600
2022-09-08,광양항태양광,전남 광양시 도이동 775,2.3,9304200
2022-09-09,광양항태양광,전남 광양시 도이동 775,2.3,9831600
2022-09-10,광양항태양광,전남 광양시 도이동 775,2.3,6346800
2022-09-11,광양항태양광,전남 광양시 도이동 775,2.3,9208800
2022-09-12,광양항태양광,전남 광양시 도이동 775,2.3,4042800
2022-09-13,광양항태양광,전남 광양시 도이동 775,2.3,5535000
2022-09-14,광양항태양광,전남 광양시 도이동 775,2.3,7493400
2022-09-15,광양항태양광,전남 광양시 도이동 775,2.3,8746200
2022-09-16,광양항태양광,전남 광양시 도이동 775,2.3,6008400
2022-09-17,광양항태양광,전남 광양시 도이동 775,2.3,6481800
2022-09-18,광양항태양광,전남 광양시 도이동 775,2.3,8395200
2022-09-19,광양항태양광,전남 광양시 도이동 775,2.3,9018000
2022-09-20,광양항태양광,전남 광양시 도이동 775,2.3,8051400
2022-09-21,광양항태양광,전남 광양시 도이동 775,2.3,9541800
2022-09-22,광양항태양광,전남 광양시 도이동 775,2.3,9207000
2022-09-23,광양항태양광,전남 광양시 도이동 775,2.3,8830800
2022-09-24,광양항태양광,전남 광양시 도이동 775,2.3,9016200
2022-09-25,광양항태양광,전남 광양시 도이동 775,2.3,2973600
2022-09-26,광양항태양광,전남 광양시 도이동 775,2.3,2928600
2022-09-27,광양항태양광,전남 광양시 도이동 775,2.3,9099000
2022-09-28,광양항태양광,전남 광양시 도이동 775,2.3,5634000
2022-09-29,광양항태양광,전남 광양시 도이동 775,2.3,8877600
2022-09-30,광양항태양광,전남 광양시 도이동 775,2.3,8740800
2022-10-01,광양항태양광,전남 광양시 도이동 775,2.3,8200800
2022-10-02,광양항태양광,전남 광양시 도이동 775,2.3,8344800
2022-10-03,광양항태양광,전남 광양시 도이동 775,2.3,6116400
2022-10-04,광양항태양광,전남 광양시 도이동 775,2.3,4136400
2022-10-05,광양항태양광,전남 광양시 도이동 775,2.3,6204600
2022-10-06,광양항태양광,전남 광양시 도이동 775,2.3,5070600
2022-10-07,광양항태양광,전남 광양시 도이동 775,2.3,7903800
2022-10-08,광양항태양광,전남 광양시 도이동 775,2.3,5875200
2022-10-09,광양항태양광,전남 광양시 도이동 775,2.3,1906200
2022-10-10,광양항태양광,전남 광양시 도이동 775,2.3,7372800
2022-10-11,광양항태양광,전남 광양시 도이동 775,2.3,9010800
2022-10-12,광양항태양광,전남 광양시 도이동 775,2.3,8404200
2022-10-13,광양항태양광,전남 광양시 도이동 775,2.3,8283600
2022-10-14,광양항태양광,전남 광양시 도이동 775,2.3,8375400
2022-10-15,광양항태양광,전남 광양시 도이동 775,2.3,8105400
2022-10-16,광양항태양광,전남 광양시 도이동 775,2.3,7927200
2022-10-17,광양항태양광,전남 광양시 도이동 775,2.3,7835400
2022-10-18,광양항태양광,전남 광양시 도이동 775,2.3,8240400
2022-10-19,광양항태양광,전남 광양시 도이동 775,2.3,7986600
2022-10-20,광양항태양광,전남 광양시 도이동 775,2.3,7902000
2022-10-21,광양항태양광,전남 광양시 도이동 775,2.3,5432400
2022-10-22,광양항태양광,전남 광양시 도이동 775,2.3,5668200
2022-10-23,광양항태양광,전남 광양시 도이동 775,2.3,7070400
2022-10-24,광양항태양광,전남 광양시 도이동 775,2.3,7390800
2022-10-25,광양항태양광,전남 광양시 도이동 775,2.3,7331400
2022-10-26,광양항태양광,전남 광양시 도이동 775,2.3,6661800
2022-10-27,광양항태양광,전남 광양시 도이동 775,2.3,6863400
2022-10-28,광양항태양광,전남 광양시 도이동 775,2.3,6377400
2022-10-29,광양항태양광,전남 광양시 도이동 775,2.3,6388200
2022-10-30,광양항태양광,전남 광양시 도이동 775,2.3,6555600
2022-10-31,광양항태양광,전남 광양시 도이동 775,2.3,6571800
2022-11-01,광양항태양광,전남 광양시 도이동 775,2.3,6300000
2022-11-02,광양항태양광,전남 광양시 도이동 775,2.3,6354000
2022-11-03,광양항태양광,전남 광양시 도이동 775,2.3,6303600
2022-11-04,광양항태양광,전남 광양시 도이동 775,2.3,6640200
2022-11-05,광양항태양광,전남 광양시 도이동 775,2.3,6589800
2022-11-06,광양항태양광,전남 광양시 도이동 775,2.3,6282000
2022-11-07,광양항태양광,전남 광양시 도이동 775,2.3,5754600
2022-11-08,광양항태양광,전남 광양시 도이동 775,2.3,5734800
2022-11-09,광양항태양광,전남 광양시 도이동 775,2.3,5641200
2022-11-10,광양항태양광,전남 광양시 도이동 775,2.3,5292000
2022-11-11,광양항태양광,전남 광양시 도이동 775,2.3,4552200
2022-11-12,광양항태양광,전남 광양시 도이동 775,2.3,3175200
2022-11-13,광양항태양광,전남 광양시 도이동 775,2.3,5070600
2022-11-14,광양항태양광,전남 광양시 도이동 775,2.3,2365200
2022-11-15,광양항태양광,전남 광양시 도이동 775,2.3,6111000
2022-11-16,광양항태양광,전남 광양시 도이동 775,2.3,5583600
2022-11-17,광양항태양광,전남 광양시 도이동 775,2.3,5400000
2022-11-18,광양항태양광,전남 광양시 도이동 775,2.3,5884200
2022-11-19,광양항태양광,전남 광양시 도이동 775,2.3,5079600
2022-11-20,광양항태양광,전남 광양시 도이동 775,2.3,1348200
2022-11-21,광양항태양광,전남 광양시 도이동 775,2.3,3657600
2022-11-22,광양항태양광,전남 광양시 도이동 775,2.3,1299600
2022-11-23,광양항태양광,전남 광양시 도이동 775,2.3,5360400
2022-11-24,광양항태양광,전남 광양시 도이동 775,2.3,4955400
2022-11-25,광양항태양광,전남 광양시 도이동 775,2.3,4917600
2022-11-26,광양항태양광,전남 광양시 도이동 775,2.3,5295600
2022-11-27,광양항태양광,전남 광양시 도이동 775,2.3,4878000
2022-11-28,광양항태양광,전남 광양시 도이동 775,2.3,583200
2022-11-29,광양항태양광,전남 광양시 도이동 775,2.3,1101600
2022-11-30,광양항태양광,전남 광양시 도이동 775,2.3,4325400
2022-12-01,광양항태양광,전남 광양시 도이동 775,2.3,4203000
2022-12-02,광양항태양광,전남 광양시 도이동 775,2.3,5221800
2022-12-03,광양항태양광,전남 광양시 도이동 775,2.3,1990800
2022-12-04,광양항태양광,전남 광양시 도이동 775,2.3,4167000
2022-12-05,광양항태양광,전남 광양시 도이동 775,2.3,4136400
2022-12-06,광양항태양광,전남 광양시 도이동 775,2.3,4791600
2022-12-07,광양항태양광,전남 광양시 도이동 775,2.3,4708800
2022-12-08,광양항태양광,전남 광양시 도이동 775,2.3,4575600
2022-12-09,광양항태양광,전남 광양시 도이동 775,2.3,3108600
2022-12-10,광양항태양광,전남 광양시 도이동 775,2.3,2266200
2022-12-11,광양항태양광,전남 광양시 도이동 775,2.3,4703400
2022-12-12,광양항태양광,전남 광양시 도이동 775,2.3,1636200
2022-12-13,광양항태양광,전남 광양시 도이동 775,2.3,4253400
2022-12-14,광양항태양광,전남 광양시 도이동 775,2.3,5081400
2022-12-15,광양항태양광,전남 광양시 도이동 775,2.3,4915800
2022-12-16,광양항태양광,전남 광양시 도이동 775,2.3,4102200
2022-12-17,광양항태양광,전남 광양시 도이동 775,2.3,3785400
2022-12-18,광양항태양광,전남 광양시 도이동 775,2.3,4980600
2022-12-19,광양항태양광,전남 광양시 도이동 775,2.3,4523400
2022-12-20,광양항태양광,전남 광양시 도이동 775,2.3,4743000
2022-12-21,광양항태양광,전남 광양시 도이동 775,2.3,1643400
2022-12-22,광양항태양광,전남 광양시 도이동 775,2.3,3342600
2022-12-23,광양항태양광,전남 광양시 도이동 775,2.3,815400
2022-12-24,광양항태양광,전남 광양시 도이동 775,2.3,4125600
2022-12-25,광양항태양광,전남 광양시 도이동 775,2.3,5151600
2022-12-26,광양항태양광,전남 광양시 도이동 775,2.3,3830400
2022-12-27,광양항태양광,전남 광양시 도이동 775,2.3,4987800
2022-12-28,광양항태양광,전남 광양시 도이동 775,2.3,4334400
2022-12-29,광양항태양광,전남 광양시 도이동 775,2.3,5013000
2022-12-30,광양항태양광,전남 광양시 도이동 775,2.3,4122000
2022-12-31,광양항태양광,전남 광양시 도이동 775,2.3,4982400
